recording_id,scientific_name,genus,species,subspecies,english_name,call_type,sex,life_stage,duration_seconds,date,time,country,location,latitude,longitude,altitude,quality,recordist,license,remarks,background_species,status
XC101288,,,,,,,,,,,,,,,,,,,,,,success
XC101292,,,,,,,,,,,,,,,,,,,,,,success
XC101293,,,,,,,,,,,,,,,,,,,,,,success
XC101580,,,,,,,,,,,,,,,,,,,,,,success
XC101581,,,,,,,,,,,,,,,,,,,,,,success
XC101591,,,,,,,,,,,,,,,,,,,,,,success
XC101593,,,,,,,,,,,,,,,,,,,,,,success
XC101614,,,,,,,,,,,,,,,,,,,,,,success
XC102972,,,,,,,,,,,,,,,,,,,,,,success
XC104520,,,,,,,,,,,,,,,,,,,,,,success
XC104521,,,,,,,,,,,,,,,,,,,,,,success
XC109162,,,,,,,,,,,,,,,,,,,,,,success
XC109190,,,,,,,,,,,,,,,,,,,,,,success
XC109191,,,,,,,,,,,,,,,,,,,,,,success
XC109192,,,,,,,,,,,,,,,,,,,,,,success
XC109299,,,,,,,,,,,,,,,,,,,,,,success
XC109300,,,,,,,,,,,,,,,,,,,,,,success
XC109301,,,,,,,,,,,,,,,,,,,,,,success
XC109305,,,,,,,,,,,,,,,,,,,,,,success
XC109306,,,,,,,,,,,,,,,,,,,,,,success
XC109314,,,,,,,,,,,,,,,,,,,,,,success
XC109601,,,,,,,,,,,,,,,,,,,,,,success
XC109602,,,,,,,,,,,,,,,,,,,,,,success
XC109603,,,,,,,,,,,,,,,,,,,,,,success
XC109606,,,,,,,,,,,,,,,,,,,,,,success
XC109651,,,,,,,,,,,,,,,,,,,,,,success
XC109666,,,,,,,,,,,,,,,,,,,,,,success
XC109668,,,,,,,,,,,,,,,,,,,,,,success
XC109768,,,,,,,,,,,,,,,,,,,,,,success
XC109852,,,,,,,,,,,,,,,,,,,,,,success
XC109920,,,,,,,,,,,,,,,,,,,,,,success
XC109921,,,,,,,,,,,,,,,,,,,,,,success
XC109922,,,,,,,,,,,,,,,,,,,,,,success
XC109923,,,,,,,,,,,,,,,,,,,,,,success
XC109946,,,,,,,,,,,,,,,,,,,,,,success
XC109947,,,,,,,,,,,,,,,,,,,,,,success
XC109948,,,,,,,,,,,,,,,,,,,,,,success
XC109949,,,,,,,,,,,,,,,,,,,,,,success
XC109950,,,,,,,,,,,,,,,,,,,,,,success
XC109951,,,,,,,,,,,,,,,,,,,,,,success
XC110078,,,,,,,,,,,,,,,,,,,,,,success
XC110079,,,,,,,,,,,,,,,,,,,,,,success
XC110080,,,,,,,,,,,,,,,,,,,,,,success
XC110081,,,,,,,,,,,,,,,,,,,,,,success
XC110813,,,,,,,,,,,,,,,,,,,,,,success
XC111040,,,,,,,,,,,,,,,,,,,,,,success
XC111041,,,,,,,,,,,,,,,,,,,,,,success
XC111042,,,,,,,,,,,,,,,,,,,,,,success
XC111043,,,,,,,,,,,,,,,,,,,,,,success
XC111138,,,,,,,,,,,,,,,,,,,,,,success
XC111139,,,,,,,,,,,,,,,,,,,,,,success
XC112499,,,,,,,,,,,,,,,,,,,,,,success
XC112501,,,,,,,,,,,,,,,,,,,,,,success
XC112502,,,,,,,,,,,,,,,,,,,,,,success
XC112579,,,,,,,,,,,,,,,,,,,,,,success
XC112598,,,,,,,,,,,,,,,,,,,,,,success
XC112829,,,,,,,,,,,,,,,,,,,,,,success
XC113485,,,,,,,,,,,,,,,,,,,,,,success
XC113486,,,,,,,,,,,,,,,,,,,,,,success
XC113721,,,,,,,,,,,,,,,,,,,,,,success
XC113723,,,,,,,,,,,,,,,,,,,,,,success
XC113724,,,,,,,,,,,,,,,,,,,,,,success
XC113808,,,,,,,,,,,,,,,,,,,,,,success
XC113814,,,,,,,,,,,,,,,,,,,,,,success
XC113820,,,,,,,,,,,,,,,,,,,,,,success
XC113821,,,,,,,,,,,,,,,,,,,,,,success
XC113827,,,,,,,,,,,,,,,,,,,,,,success
XC114061,,,,,,,,,,,,,,,,,,,,,,success
XC114073,,,,,,,,,,,,,,,,,,,,,,success
XC114081,,,,,,,,,,,,,,,,,,,,,,success
XC114085,,,,,,,,,,,,,,,,,,,,,,success
XC114086,,,,,,,,,,,,,,,,,,,,,,success
XC114087,,,,,,,,,,,,,,,,,,,,,,success
XC114342,,,,,,,,,,,,,,,,,,,,,,success
XC114550,,,,,,,,,,,,,,,,,,,,,,success
XC114551,,,,,,,,,,,,,,,,,,,,,,success
XC114552,,,,,,,,,,,,,,,,,,,,,,success
XC114554,,,,,,,,,,,,,,,,,,,,,,success
XC114555,,,,,,,,,,,,,,,,,,,,,,success
XC114556,,,,,,,,,,,,,,,,,,,,,,success
XC114557,,,,,,,,,,,,,,,,,,,,,,success
XC114558,,,,,,,,,,,,,,,,,,,,,,success
XC114559,,,,,,,,,,,,,,,,,,,,,,success
XC114560,,,,,,,,,,,,,,,,,,,,,,success
XC114561,,,,,,,,,,,,,,,,,,,,,,success
XC11476,,,,,,,,,,,,,,,,,,,,,,success
XC114930,,,,,,,,,,,,,,,,,,,,,,success
XC115430,,,,,,,,,,,,,,,,,,,,,,success
XC115587,,,,,,,,,,,,,,,,,,,,,,success
XC115594,,,,,,,,,,,,,,,,,,,,,,success
XC115938,,,,,,,,,,,,,,,,,,,,,,success
XC115939,,,,,,,,,,,,,,,,,,,,,,success
XC115940,,,,,,,,,,,,,,,,,,,,,,success
XC116054,,,,,,,,,,,,,,,,,,,,,,success
XC116055,,,,,,,,,,,,,,,,,,,,,,success
XC116056,,,,,,,,,,,,,,,,,,,,,,success
XC116372,,,,,,,,,,,,,,,,,,,,,,success
XC116373,,,,,,,,,,,,,,,,,,,,,,success
XC116374,,,,,,,,,,,,,,,,,,,,,,success
XC11722,,,,,,,,,,,,,,,,,,,,,,success
XC11847,,,,,,,,,,,,,,,,,,,,,,success
XC118749,,,,,,,,,,,,,,,,,,,,,,success
XC119593,,,,,,,,,,,,,,,,,,,,,,success
XC120285,,,,,,,,,,,,,,,,,,,,,,success
XC120809,,,,,,,,,,,,,,,,,,,,,,success
XC120842,,,,,,,,,,,,,,,,,,,,,,success
XC120843,,,,,,,,,,,,,,,,,,,,,,success
XC120844,,,,,,,,,,,,,,,,,,,,,,success
XC120855,,,,,,,,,,,,,,,,,,,,,,success
XC120868,,,,,,,,,,,,,,,,,,,,,,success
XC120878,,,,,,,,,,,,,,,,,,,,,,success
XC121042,,,,,,,,,,,,,,,,,,,,,,success
XC121043,,,,,,,,,,,,,,,,,,,,,,success
XC121044,,,,,,,,,,,,,,,,,,,,,,success
XC121045,,,,,,,,,,,,,,,,,,,,,,success
XC121046,,,,,,,,,,,,,,,,,,,,,,success
XC121068,,,,,,,,,,,,,,,,,,,,,,success
XC121396,,,,,,,,,,,,,,,,,,,,,,success
XC121435,,,,,,,,,,,,,,,,,,,,,,success
XC122259,,,,,,,,,,,,,,,,,,,,,,success
XC122442,,,,,,,,,,,,,,,,,,,,,,success
XC122453,,,,,,,,,,,,,,,,,,,,,,success
XC122455,,,,,,,,,,,,,,,,,,,,,,success
XC122640,,,,,,,,,,,,,,,,,,,,,,success
XC122641,,,,,,,,,,,,,,,,,,,,,,success
XC122806,,,,,,,,,,,,,,,,,,,,,,success
XC122807,,,,,,,,,,,,,,,,,,,,,,success
XC122809,,,,,,,,,,,,,,,,,,,,,,success
XC122810,,,,,,,,,,,,,,,,,,,,,,success
XC122811,,,,,,,,,,,,,,,,,,,,,,success
XC122812,,,,,,,,,,,,,,,,,,,,,,success
XC122813,,,,,,,,,,,,,,,,,,,,,,success
XC122814,,,,,,,,,,,,,,,,,,,,,,success
XC122815,,,,,,,,,,,,,,,,,,,,,,success
XC122816,,,,,,,,,,,,,,,,,,,,,,success
XC122817,,,,,,,,,,,,,,,,,,,,,,success
XC122818,,,,,,,,,,,,,,,,,,,,,,success
XC122819,,,,,,,,,,,,,,,,,,,,,,success
XC122820,,,,,,,,,,,,,,,,,,,,,,success
XC122821,,,,,,,,,,,,,,,,,,,,,,success
XC122822,,,,,,,,,,,,,,,,,,,,,,success
XC122824,,,,,,,,,,,,,,,,,,,,,,success
XC122825,,,,,,,,,,,,,,,,,,,,,,success
XC122826,,,,,,,,,,,,,,,,,,,,,,success
XC122892,,,,,,,,,,,,,,,,,,,,,,success
XC122895,,,,,,,,,,,,,,,,,,,,,,success
XC122896,,,,,,,,,,,,,,,,,,,,,,success
XC122898,,,,,,,,,,,,,,,,,,,,,,success
XC122900,,,,,,,,,,,,,,,,,,,,,,success
XC122904,,,,,,,,,,,,,,,,,,,,,,success
XC122908,,,,,,,,,,,,,,,,,,,,,,success
XC122909,,,,,,,,,,,,,,,,,,,,,,success
XC122910,,,,,,,,,,,,,,,,,,,,,,success
XC122911,,,,,,,,,,,,,,,,,,,,,,success
XC122912,,,,,,,,,,,,,,,,,,,,,,success
XC122913,,,,,,,,,,,,,,,,,,,,,,success
XC122914,,,,,,,,,,,,,,,,,,,,,,success
XC122915,,,,,,,,,,,,,,,,,,,,,,success
XC122916,,,,,,,,,,,,,,,,,,,,,,success
XC122918,,,,,,,,,,,,,,,,,,,,,,success
XC122922,,,,,,,,,,,,,,,,,,,,,,success
XC122924,,,,,,,,,,,,,,,,,,,,,,success
XC123156,,,,,,,,,,,,,,,,,,,,,,success
XC123302,,,,,,,,,,,,,,,,,,,,,,success
XC123306,,,,,,,,,,,,,,,,,,,,,,success
XC123343,,,,,,,,,,,,,,,,,,,,,,success
XC123363,,,,,,,,,,,,,,,,,,,,,,success
XC123364,,,,,,,,,,,,,,,,,,,,,,success
XC123370,,,,,,,,,,,,,,,,,,,,,,success
XC123405,,,,,,,,,,,,,,,,,,,,,,success
XC123506,,,,,,,,,,,,,,,,,,,,,,success
XC124067,,,,,,,,,,,,,,,,,,,,,,success
XC124268,,,,,,,,,,,,,,,,,,,,,,success
XC124312,,,,,,,,,,,,,,,,,,,,,,success
XC124431,,,,,,,,,,,,,,,,,,,,,,success
XC124433,,,,,,,,,,,,,,,,,,,,,,success
XC124438,,,,,,,,,,,,,,,,,,,,,,success
XC124439,,,,,,,,,,,,,,,,,,,,,,success
XC124441,,,,,,,,,,,,,,,,,,,,,,success
XC124484,,,,,,,,,,,,,,,,,,,,,,success
XC124590,,,,,,,,,,,,,,,,,,,,,,success
XC124591,,,,,,,,,,,,,,,,,,,,,,success
XC124593,,,,,,,,,,,,,,,,,,,,,,success
XC124595,,,,,,,,,,,,,,,,,,,,,,success
XC124992,,,,,,,,,,,,,,,,,,,,,,success
XC125090,,,,,,,,,,,,,,,,,,,,,,success
XC125091,,,,,,,,,,,,,,,,,,,,,,success
XC125093,,,,,,,,,,,,,,,,,,,,,,success
XC125094,,,,,,,,,,,,,,,,,,,,,,success
XC125095,,,,,,,,,,,,,,,,,,,,,,success
XC125096,,,,,,,,,,,,,,,,,,,,,,success
XC125168,,,,,,,,,,,,,,,,,,,,,,success
XC125169,,,,,,,,,,,,,,,,,,,,,,success
XC125171,,,,,,,,,,,,,,,,,,,,,,success
XC125173,,,,,,,,,,,,,,,,,,,,,,success
XC125176,,,,,,,,,,,,,,,,,,,,,,success
XC125178,,,,,,,,,,,,,,,,,,,,,,success
XC125207,,,,,,,,,,,,,,,,,,,,,,success
XC125512,,,,,,,,,,,,,,,,,,,,,,success
XC125540,,,,,,,,,,,,,,,,,,,,,,success
XC125542,,,,,,,,,,,,,,,,,,,,,,success
XC125544,,,,,,,,,,,,,,,,,,,,,,success
XC125546,,,,,,,,,,,,,,,,,,,,,,success
XC125547,,,,,,,,,,,,,,,,,,,,,,success
XC125549,,,,,,,,,,,,,,,,,,,,,,success
XC125550,,,,,,,,,,,,,,,,,,,,,,success
XC125553,,,,,,,,,,,,,,,,,,,,,,success
XC125555,,,,,,,,,,,,,,,,,,,,,,success
XC125556,,,,,,,,,,,,,,,,,,,,,,success
XC125557,,,,,,,,,,,,,,,,,,,,,,success
XC125558,,,,,,,,,,,,,,,,,,,,,,success
XC125559,,,,,,,,,,,,,,,,,,,,,,success
XC125560,,,,,,,,,,,,,,,,,,,,,,success
XC125561,,,,,,,,,,,,,,,,,,,,,,success
XC125564,,,,,,,,,,,,,,,,,,,,,,success
XC125567,,,,,,,,,,,,,,,,,,,,,,success
XC125569,,,,,,,,,,,,,,,,,,,,,,success
XC125571,,,,,,,,,,,,,,,,,,,,,,success
XC125573,,,,,,,,,,,,,,,,,,,,,,success
XC125576,,,,,,,,,,,,,,,,,,,,,,success
XC125579,,,,,,,,,,,,,,,,,,,,,,success
XC125581,,,,,,,,,,,,,,,,,,,,,,success
XC125727,,,,,,,,,,,,,,,,,,,,,,success
XC125729,,,,,,,,,,,,,,,,,,,,,,success
XC125844,,,,,,,,,,,,,,,,,,,,,,success
XC126022,,,,,,,,,,,,,,,,,,,,,,success
XC127371,,,,,,,,,,,,,,,,,,,,,,success
XC127418,,,,,,,,,,,,,,,,,,,,,,success
XC127600,,,,,,,,,,,,,,,,,,,,,,success
XC127999,,,,,,,,,,,,,,,,,,,,,,success
XC128001,,,,,,,,,,,,,,,,,,,,,,success
XC128002,,,,,,,,,,,,,,,,,,,,,,success
XC128099,,,,,,,,,,,,,,,,,,,,,,success
XC128249,,,,,,,,,,,,,,,,,,,,,,success
XC128490,,,,,,,,,,,,,,,,,,,,,,success
XC128705,,,,,,,,,,,,,,,,,,,,,,success
XC128942,,,,,,,,,,,,,,,,,,,,,,success
XC129225,,,,,,,,,,,,,,,,,,,,,,success
XC129313,,,,,,,,,,,,,,,,,,,,,,success
XC129386,,,,,,,,,,,,,,,,,,,,,,success
XC129387,,,,,,,,,,,,,,,,,,,,,,success
XC129650,,,,,,,,,,,,,,,,,,,,,,success
XC129798,,,,,,,,,,,,,,,,,,,,,,success
XC130058,,,,,,,,,,,,,,,,,,,,,,success
XC130170,,,,,,,,,,,,,,,,,,,,,,success
XC130499,,,,,,,,,,,,,,,,,,,,,,success
XC130500,,,,,,,,,,,,,,,,,,,,,,success
XC130507,,,,,,,,,,,,,,,,,,,,,,success
XC130508,,,,,,,,,,,,,,,,,,,,,,success
XC130510,,,,,,,,,,,,,,,,,,,,,,success
XC130511,,,,,,,,,,,,,,,,,,,,,,success
XC130512,,,,,,,,,,,,,,,,,,,,,,success
XC130513,,,,,,,,,,,,,,,,,,,,,,success
XC130525,,,,,,,,,,,,,,,,,,,,,,success
XC131093,,,,,,,,,,,,,,,,,,,,,,success
XC131442,,,,,,,,,,,,,,,,,,,,,,success
XC131445,,,,,,,,,,,,,,,,,,,,,,success
XC131447,,,,,,,,,,,,,,,,,,,,,,success
XC131452,,,,,,,,,,,,,,,,,,,,,,success
XC131462,,,,,,,,,,,,,,,,,,,,,,success
XC131549,,,,,,,,,,,,,,,,,,,,,,success
XC131559,,,,,,,,,,,,,,,,,,,,,,success
XC131566,,,,,,,,,,,,,,,,,,,,,,success
XC131567,,,,,,,,,,,,,,,,,,,,,,success
XC131637,,,,,,,,,,,,,,,,,,,,,,success
XC131879,,,,,,,,,,,,,,,,,,,,,,success
XC131881,,,,,,,,,,,,,,,,,,,,,,success
XC131882,,,,,,,,,,,,,,,,,,,,,,success
XC131925,,,,,,,,,,,,,,,,,,,,,,success
XC131951,,,,,,,,,,,,,,,,,,,,,,success
XC131952,,,,,,,,,,,,,,,,,,,,,,success
XC131971,,,,,,,,,,,,,,,,,,,,,,success
XC132145,,,,,,,,,,,,,,,,,,,,,,success
XC132216,,,,,,,,,,,,,,,,,,,,,,success
XC132217,,,,,,,,,,,,,,,,,,,,,,success
XC132219,,,,,,,,,,,,,,,,,,,,,,success
XC132220,,,,,,,,,,,,,,,,,,,,,,success
XC132223,,,,,,,,,,,,,,,,,,,,,,success
XC132224,,,,,,,,,,,,,,,,,,,,,,success
XC132226,,,,,,,,,,,,,,,,,,,,,,success
XC132229,,,,,,,,,,,,,,,,,,,,,,success
XC132236,,,,,,,,,,,,,,,,,,,,,,success
XC132237,,,,,,,,,,,,,,,,,,,,,,success
XC132239,,,,,,,,,,,,,,,,,,,,,,success
XC132241,,,,,,,,,,,,,,,,,,,,,,success
XC132243,,,,,,,,,,,,,,,,,,,,,,success
XC132246,,,,,,,,,,,,,,,,,,,,,,success
XC132248,,,,,,,,,,,,,,,,,,,,,,success
XC132250,,,,,,,,,,,,,,,,,,,,,,success
XC132251,,,,,,,,,,,,,,,,,,,,,,success
XC132254,,,,,,,,,,,,,,,,,,,,,,success
XC132255,,,,,,,,,,,,,,,,,,,,,,success
XC132256,,,,,,,,,,,,,,,,,,,,,,success
XC132257,,,,,,,,,,,,,,,,,,,,,,success
XC132258,,,,,,,,,,,,,,,,,,,,,,success
XC132259,,,,,,,,,,,,,,,,,,,,,,success
XC132277,,,,,,,,,,,,,,,,,,,,,,success
XC132278,,,,,,,,,,,,,,,,,,,,,,success
XC132280,,,,,,,,,,,,,,,,,,,,,,success
XC132281,,,,,,,,,,,,,,,,,,,,,,success
XC132282,,,,,,,,,,,,,,,,,,,,,,success
XC132283,,,,,,,,,,,,,,,,,,,,,,success
XC132284,,,,,,,,,,,,,,,,,,,,,,success
XC132285,,,,,,,,,,,,,,,,,,,,,,success
XC132286,,,,,,,,,,,,,,,,,,,,,,success
XC132287,,,,,,,,,,,,,,,,,,,,,,success
XC132288,,,,,,,,,,,,,,,,,,,,,,success
XC132319,,,,,,,,,,,,,,,,,,,,,,success
XC132320,,,,,,,,,,,,,,,,,,,,,,success
XC132321,,,,,,,,,,,,,,,,,,,,,,success
XC132322,,,,,,,,,,,,,,,,,,,,,,success
XC132323,,,,,,,,,,,,,,,,,,,,,,success
XC132324,,,,,,,,,,,,,,,,,,,,,,success
XC132325,,,,,,,,,,,,,,,,,,,,,,success
XC132328,,,,,,,,,,,,,,,,,,,,,,success
XC132331,,,,,,,,,,,,,,,,,,,,,,success
XC132333,,,,,,,,,,,,,,,,,,,,,,success
XC132334,,,,,,,,,,,,,,,,,,,,,,success
XC132335,,,,,,,,,,,,,,,,,,,,,,success
XC132338,,,,,,,,,,,,,,,,,,,,,,success
XC132341,,,,,,,,,,,,,,,,,,,,,,success
XC132342,,,,,,,,,,,,,,,,,,,,,,success
XC132344,,,,,,,,,,,,,,,,,,,,,,success
XC132347,,,,,,,,,,,,,,,,,,,,,,success
XC132348,,,,,,,,,,,,,,,,,,,,,,success
XC132350,,,,,,,,,,,,,,,,,,,,,,success
XC132352,,,,,,,,,,,,,,,,,,,,,,success
XC132353,,,,,,,,,,,,,,,,,,,,,,success
XC132355,,,,,,,,,,,,,,,,,,,,,,success
XC132358,,,,,,,,,,,,,,,,,,,,,,success
XC132359,,,,,,,,,,,,,,,,,,,,,,success
XC132363,,,,,,,,,,,,,,,,,,,,,,success
XC132365,,,,,,,,,,,,,,,,,,,,,,success
XC132373,,,,,,,,,,,,,,,,,,,,,,success
XC132381,,,,,,,,,,,,,,,,,,,,,,success
XC132382,,,,,,,,,,,,,,,,,,,,,,success
XC132383,,,,,,,,,,,,,,,,,,,,,,success
XC132384,,,,,,,,,,,,,,,,,,,,,,success
XC132386,,,,,,,,,,,,,,,,,,,,,,success
XC132692,,,,,,,,,,,,,,,,,,,,,,success
XC132693,,,,,,,,,,,,,,,,,,,,,,success
XC132695,,,,,,,,,,,,,,,,,,,,,,success
XC132819,,,,,,,,,,,,,,,,,,,,,,success
XC132821,,,,,,,,,,,,,,,,,,,,,,success
XC132823,,,,,,,,,,,,,,,,,,,,,,success
XC132824,,,,,,,,,,,,,,,,,,,,,,success
XC132826,,,,,,,,,,,,,,,,,,,,,,success
XC132827,,,,,,,,,,,,,,,,,,,,,,success
XC132828,,,,,,,,,,,,,,,,,,,,,,success
XC132830,,,,,,,,,,,,,,,,,,,,,,success
XC132831,,,,,,,,,,,,,,,,,,,,,,success
XC132832,,,,,,,,,,,,,,,,,,,,,,success
XC132833,,,,,,,,,,,,,,,,,,,,,,success
XC132835,,,,,,,,,,,,,,,,,,,,,,success
XC132836,,,,,,,,,,,,,,,,,,,,,,success
XC132837,,,,,,,,,,,,,,,,,,,,,,success
XC132838,,,,,,,,,,,,,,,,,,,,,,success
XC132839,,,,,,,,,,,,,,,,,,,,,,success
XC132842,,,,,,,,,,,,,,,,,,,,,,success
XC132844,,,,,,,,,,,,,,,,,,,,,,success
XC132845,,,,,,,,,,,,,,,,,,,,,,success
XC132846,,,,,,,,,,,,,,,,,,,,,,success
XC132847,,,,,,,,,,,,,,,,,,,,,,success
XC132848,,,,,,,,,,,,,,,,,,,,,,success
XC132849,,,,,,,,,,,,,,,,,,,,,,success
XC132850,,,,,,,,,,,,,,,,,,,,,,success
XC132851,,,,,,,,,,,,,,,,,,,,,,success
XC132852,,,,,,,,,,,,,,,,,,,,,,success
XC132853,,,,,,,,,,,,,,,,,,,,,,success
XC132854,,,,,,,,,,,,,,,,,,,,,,success
XC132855,,,,,,,,,,,,,,,,,,,,,,success
XC132856,,,,,,,,,,,,,,,,,,,,,,success
XC132857,,,,,,,,,,,,,,,,,,,,,,success
XC132858,,,,,,,,,,,,,,,,,,,,,,success
XC132859,,,,,,,,,,,,,,,,,,,,,,success
XC132861,,,,,,,,,,,,,,,,,,,,,,success
XC132864,,,,,,,,,,,,,,,,,,,,,,success
XC132870,,,,,,,,,,,,,,,,,,,,,,success
XC132872,,,,,,,,,,,,,,,,,,,,,,success
XC132873,,,,,,,,,,,,,,,,,,,,,,success
XC132886,,,,,,,,,,,,,,,,,,,,,,success
XC132888,,,,,,,,,,,,,,,,,,,,,,success
XC132889,,,,,,,,,,,,,,,,,,,,,,success
XC132890,,,,,,,,,,,,,,,,,,,,,,success
XC132891,,,,,,,,,,,,,,,,,,,,,,success
XC132892,,,,,,,,,,,,,,,,,,,,,,success
XC132894,,,,,,,,,,,,,,,,,,,,,,success
XC132896,,,,,,,,,,,,,,,,,,,,,,success
XC132901,,,,,,,,,,,,,,,,,,,,,,success
XC132902,,,,,,,,,,,,,,,,,,,,,,success
XC132903,,,,,,,,,,,,,,,,,,,,,,success
XC132904,,,,,,,,,,,,,,,,,,,,,,success
XC132905,,,,,,,,,,,,,,,,,,,,,,success
XC132906,,,,,,,,,,,,,,,,,,,,,,success
XC132908,,,,,,,,,,,,,,,,,,,,,,success
XC132909,,,,,,,,,,,,,,,,,,,,,,success
XC132910,,,,,,,,,,,,,,,,,,,,,,success
XC132911,,,,,,,,,,,,,,,,,,,,,,success
XC132913,,,,,,,,,,,,,,,,,,,,,,success
XC132914,,,,,,,,,,,,,,,,,,,,,,success
XC132916,,,,,,,,,,,,,,,,,,,,,,success
XC132917,,,,,,,,,,,,,,,,,,,,,,success
XC132918,,,,,,,,,,,,,,,,,,,,,,success
XC132920,,,,,,,,,,,,,,,,,,,,,,success
XC133039,,,,,,,,,,,,,,,,,,,,,,success
XC133048,,,,,,,,,,,,,,,,,,,,,,success
XC133080,,,,,,,,,,,,,,,,,,,,,,success
XC133167,,,,,,,,,,,,,,,,,,,,,,success
XC133392,,,,,,,,,,,,,,,,,,,,,,success
XC133469,,,,,,,,,,,,,,,,,,,,,,success
XC133500,,,,,,,,,,,,,,,,,,,,,,success
XC133564,,,,,,,,,,,,,,,,,,,,,,success
XC133565,,,,,,,,,,,,,,,,,,,,,,success
XC133569,,,,,,,,,,,,,,,,,,,,,,success
XC133590,,,,,,,,,,,,,,,,,,,,,,success
XC133792,,,,,,,,,,,,,,,,,,,,,,success
XC133794,,,,,,,,,,,,,,,,,,,,,,success
XC133902,,,,,,,,,,,,,,,,,,,,,,success
XC133923,,,,,,,,,,,,,,,,,,,,,,success
XC133969,,,,,,,,,,,,,,,,,,,,,,success
XC133979,,,,,,,,,,,,,,,,,,,,,,success
XC133993,,,,,,,,,,,,,,,,,,,,,,success
XC133996,,,,,,,,,,,,,,,,,,,,,,success
XC133998,,,,,,,,,,,,,,,,,,,,,,success
XC134014,,,,,,,,,,,,,,,,,,,,,,success
XC134017,,,,,,,,,,,,,,,,,,,,,,success
XC134100,,,,,,,,,,,,,,,,,,,,,,success
XC134185,,,,,,,,,,,,,,,,,,,,,,success
XC134349,,,,,,,,,,,,,,,,,,,,,,success
XC134439,,,,,,,,,,,,,,,,,,,,,,success
XC134495,,,,,,,,,,,,,,,,,,,,,,success
XC134496,,,,,,,,,,,,,,,,,,,,,,success
XC134499,,,,,,,,,,,,,,,,,,,,,,success
XC134501,,,,,,,,,,,,,,,,,,,,,,success
XC134502,,,,,,,,,,,,,,,,,,,,,,success
XC134504,,,,,,,,,,,,,,,,,,,,,,success
XC134505,,,,,,,,,,,,,,,,,,,,,,success
XC134872,,,,,,,,,,,,,,,,,,,,,,success
XC134874,,,,,,,,,,,,,,,,,,,,,,success
XC134876,,,,,,,,,,,,,,,,,,,,,,success
XC134994,,,,,,,,,,,,,,,,,,,,,,success
XC135026,,,,,,,,,,,,,,,,,,,,,,success
XC135052,,,,,,,,,,,,,,,,,,,,,,success
XC135053,,,,,,,,,,,,,,,,,,,,,,success
XC135054,,,,,,,,,,,,,,,,,,,,,,success
XC135055,,,,,,,,,,,,,,,,,,,,,,success
XC135067,,,,,,,,,,,,,,,,,,,,,,success
XC135075,,,,,,,,,,,,,,,,,,,,,,success
XC135086,,,,,,,,,,,,,,,,,,,,,,success
XC135087,,,,,,,,,,,,,,,,,,,,,,success
XC135110,,,,,,,,,,,,,,,,,,,,,,success
XC135117,,,,,,,,,,,,,,,,,,,,,,success
XC135120,,,,,,,,,,,,,,,,,,,,,,success
XC135284,,,,,,,,,,,,,,,,,,,,,,success
XC135440,,,,,,,,,,,,,,,,,,,,,,success
XC135451,,,,,,,,,,,,,,,,,,,,,,success
XC135454,,,,,,,,,,,,,,,,,,,,,,success
XC135455,,,,,,,,,,,,,,,,,,,,,,success
XC135456,,,,,,,,,,,,,,,,,,,,,,success
XC135457,,,,,,,,,,,,,,,,,,,,,,success
XC135459,,,,,,,,,,,,,,,,,,,,,,success
XC135460,,,,,,,,,,,,,,,,,,,,,,success
XC135462,,,,,,,,,,,,,,,,,,,,,,success
XC135463,,,,,,,,,,,,,,,,,,,,,,success
XC135466,,,,,,,,,,,,,,,,,,,,,,success
XC135468,,,,,,,,,,,,,,,,,,,,,,success
XC135476,,,,,,,,,,,,,,,,,,,,,,success
XC135477,,,,,,,,,,,,,,,,,,,,,,success
XC135478,,,,,,,,,,,,,,,,,,,,,,success
XC135492,,,,,,,,,,,,,,,,,,,,,,success
XC135494,,,,,,,,,,,,,,,,,,,,,,success
XC135495,,,,,,,,,,,,,,,,,,,,,,success
XC135496,,,,,,,,,,,,,,,,,,,,,,success
XC135497,,,,,,,,,,,,,,,,,,,,,,success
XC135498,,,,,,,,,,,,,,,,,,,,,,success
XC135499,,,,,,,,,,,,,,,,,,,,,,success
XC135501,,,,,,,,,,,,,,,,,,,,,,success
XC135502,,,,,,,,,,,,,,,,,,,,,,success
XC135503,,,,,,,,,,,,,,,,,,,,,,success
XC135680,,,,,,,,,,,,,,,,,,,,,,success
XC135688,,,,,,,,,,,,,,,,,,,,,,success
XC135883,,,,,,,,,,,,,,,,,,,,,,success
XC136021,,,,,,,,,,,,,,,,,,,,,,success
XC136035,,,,,,,,,,,,,,,,,,,,,,success
XC136051,,,,,,,,,,,,,,,,,,,,,,success
XC136052,,,,,,,,,,,,,,,,,,,,,,success
XC136053,,,,,,,,,,,,,,,,,,,,,,success
XC136054,,,,,,,,,,,,,,,,,,,,,,success
XC136055,,,,,,,,,,,,,,,,,,,,,,success
XC136115,,,,,,,,,,,,,,,,,,,,,,success
XC136140,,,,,,,,,,,,,,,,,,,,,,success
XC136330,,,,,,,,,,,,,,,,,,,,,,success
XC137040,,,,,,,,,,,,,,,,,,,,,,success
XC137041,,,,,,,,,,,,,,,,,,,,,,success
XC137042,,,,,,,,,,,,,,,,,,,,,,success
XC137043,,,,,,,,,,,,,,,,,,,,,,success
XC137044,,,,,,,,,,,,,,,,,,,,,,success
XC137045,,,,,,,,,,,,,,,,,,,,,,success
XC137527,,,,,,,,,,,,,,,,,,,,,,success
XC137570,,,,,,,,,,,,,,,,,,,,,,success
XC137604,,,,,,,,,,,,,,,,,,,,,,success
XC137605,,,,,,,,,,,,,,,,,,,,,,success
XC137610,,,,,,,,,,,,,,,,,,,,,,success
XC137618,,,,,,,,,,,,,,,,,,,,,,success
XC137637,,,,,,,,,,,,,,,,,,,,,,success
XC137714,,,,,,,,,,,,,,,,,,,,,,success
XC137726,,,,,,,,,,,,,,,,,,,,,,success
XC137741,,,,,,,,,,,,,,,,,,,,,,success
XC137774,,,,,,,,,,,,,,,,,,,,,,success
XC137865,,,,,,,,,,,,,,,,,,,,,,success
XC138054,,,,,,,,,,,,,,,,,,,,,,success
XC138063,,,,,,,,,,,,,,,,,,,,,,success
XC138065,,,,,,,,,,,,,,,,,,,,,,success
XC138066,,,,,,,,,,,,,,,,,,,,,,success
XC138068,,,,,,,,,,,,,,,,,,,,,,success
XC138069,,,,,,,,,,,,,,,,,,,,,,success
XC138073,,,,,,,,,,,,,,,,,,,,,,success
XC138084,,,,,,,,,,,,,,,,,,,,,,success
XC138085,,,,,,,,,,,,,,,,,,,,,,success
XC138093,,,,,,,,,,,,,,,,,,,,,,success
XC138140,,,,,,,,,,,,,,,,,,,,,,success
XC138154,,,,,,,,,,,,,,,,,,,,,,success
XC138159,,,,,,,,,,,,,,,,,,,,,,success
XC138517,,,,,,,,,,,,,,,,,,,,,,success
XC138610,,,,,,,,,,,,,,,,,,,,,,success
XC138633,,,,,,,,,,,,,,,,,,,,,,success
XC138639,,,,,,,,,,,,,,,,,,,,,,success
XC138706,,,,,,,,,,,,,,,,,,,,,,success
XC138718,,,,,,,,,,,,,,,,,,,,,,success
XC138873,,,,,,,,,,,,,,,,,,,,,,success
XC139055,,,,,,,,,,,,,,,,,,,,,,success
XC139086,,,,,,,,,,,,,,,,,,,,,,success
XC139089,,,,,,,,,,,,,,,,,,,,,,success
XC139144,,,,,,,,,,,,,,,,,,,,,,success
XC139171,,,,,,,,,,,,,,,,,,,,,,success
XC139433,,,,,,,,,,,,,,,,,,,,,,success
XC139438,,,,,,,,,,,,,,,,,,,,,,success
XC139439,,,,,,,,,,,,,,,,,,,,,,success
XC139446,,,,,,,,,,,,,,,,,,,,,,success
XC139577,,,,,,,,,,,,,,,,,,,,,,success
XC139595,,,,,,,,,,,,,,,,,,,,,,success
XC139598,,,,,,,,,,,,,,,,,,,,,,success
XC139603,,,,,,,,,,,,,,,,,,,,,,success
XC139605,,,,,,,,,,,,,,,,,,,,,,success
XC139608,,,,,,,,,,,,,,,,,,,,,,success
XC139610,,,,,,,,,,,,,,,,,,,,,,success
XC139613,,,,,,,,,,,,,,,,,,,,,,success
XC139614,,,,,,,,,,,,,,,,,,,,,,success
XC139619,,,,,,,,,,,,,,,,,,,,,,success
XC139728,,,,,,,,,,,,,,,,,,,,,,success
XC139729,,,,,,,,,,,,,,,,,,,,,,success
XC139739,,,,,,,,,,,,,,,,,,,,,,success
XC139740,,,,,,,,,,,,,,,,,,,,,,success
XC139798,,,,,,,,,,,,,,,,,,,,,,success
XC139829,,,,,,,,,,,,,,,,,,,,,,success
XC139831,,,,,,,,,,,,,,,,,,,,,,success
XC139856,,,,,,,,,,,,,,,,,,,,,,success
XC139859,,,,,,,,,,,,,,,,,,,,,,success
XC139880,,,,,,,,,,,,,,,,,,,,,,success
XC139897,,,,,,,,,,,,,,,,,,,,,,success
XC139908,,,,,,,,,,,,,,,,,,,,,,success
XC139915,,,,,,,,,,,,,,,,,,,,,,success
XC139916,,,,,,,,,,,,,,,,,,,,,,success
XC139921,,,,,,,,,,,,,,,,,,,,,,success
XC139932,,,,,,,,,,,,,,,,,,,,,,success
XC139937,,,,,,,,,,,,,,,,,,,,,,success
XC139938,,,,,,,,,,,,,,,,,,,,,,success
XC139961,,,,,,,,,,,,,,,,,,,,,,success
XC139987,,,,,,,,,,,,,,,,,,,,,,success
XC140280,,,,,,,,,,,,,,,,,,,,,,success
XC140282,,,,,,,,,,,,,,,,,,,,,,success
XC140283,,,,,,,,,,,,,,,,,,,,,,success
XC140286,,,,,,,,,,,,,,,,,,,,,,success
XC140298,,,,,,,,,,,,,,,,,,,,,,success
XC140465,,,,,,,,,,,,,,,,,,,,,,success
XC141035,,,,,,,,,,,,,,,,,,,,,,success
XC141213,,,,,,,,,,,,,,,,,,,,,,success
XC141214,,,,,,,,,,,,,,,,,,,,,,success
XC141316,,,,,,,,,,,,,,,,,,,,,,success
XC141320,,,,,,,,,,,,,,,,,,,,,,success
XC141344,,,,,,,,,,,,,,,,,,,,,,success
XC141345,,,,,,,,,,,,,,,,,,,,,,success
XC141412,,,,,,,,,,,,,,,,,,,,,,success
XC141439,,,,,,,,,,,,,,,,,,,,,,success
XC141441,,,,,,,,,,,,,,,,,,,,,,success
XC141444,,,,,,,,,,,,,,,,,,,,,,success
XC141445,,,,,,,,,,,,,,,,,,,,,,success
XC141458,,,,,,,,,,,,,,,,,,,,,,success
XC141469,,,,,,,,,,,,,,,,,,,,,,success
XC141677,,,,,,,,,,,,,,,,,,,,,,success
XC141749,,,,,,,,,,,,,,,,,,,,,,success
XC141896,,,,,,,,,,,,,,,,,,,,,,success
XC141897,,,,,,,,,,,,,,,,,,,,,,success
XC141898,,,,,,,,,,,,,,,,,,,,,,success
XC142065,,,,,,,,,,,,,,,,,,,,,,success
XC142066,,,,,,,,,,,,,,,,,,,,,,success
XC142067,,,,,,,,,,,,,,,,,,,,,,success
XC142068,,,,,,,,,,,,,,,,,,,,,,success
XC142069,,,,,,,,,,,,,,,,,,,,,,success
XC142186,,,,,,,,,,,,,,,,,,,,,,success
XC142218,,,,,,,,,,,,,,,,,,,,,,success
XC142244,,,,,,,,,,,,,,,,,,,,,,success
XC142329,,,,,,,,,,,,,,,,,,,,,,success
XC142466,,,,,,,,,,,,,,,,,,,,,,success
XC142592,,,,,,,,,,,,,,,,,,,,,,success
XC142594,,,,,,,,,,,,,,,,,,,,,,success
XC142632,,,,,,,,,,,,,,,,,,,,,,success
XC142649,,,,,,,,,,,,,,,,,,,,,,success
XC142650,,,,,,,,,,,,,,,,,,,,,,success
XC142722,,,,,,,,,,,,,,,,,,,,,,success
XC142731,,,,,,,,,,,,,,,,,,,,,,success
XC142977,,,,,,,,,,,,,,,,,,,,,,success
XC143748,,,,,,,,,,,,,,,,,,,,,,success
XC143934,,,,,,,,,,,,,,,,,,,,,,success
XC143936,,,,,,,,,,,,,,,,,,,,,,success
XC143939,,,,,,,,,,,,,,,,,,,,,,success
XC144024,,,,,,,,,,,,,,,,,,,,,,success
XC144069,,,,,,,,,,,,,,,,,,,,,,success
XC144071,,,,,,,,,,,,,,,,,,,,,,success
XC144072,,,,,,,,,,,,,,,,,,,,,,success
XC144080,,,,,,,,,,,,,,,,,,,,,,success
XC144101,,,,,,,,,,,,,,,,,,,,,,success
XC144540,,,,,,,,,,,,,,,,,,,,,,success
XC144655,,,,,,,,,,,,,,,,,,,,,,success
XC144658,,,,,,,,,,,,,,,,,,,,,,success
XC144664,,,,,,,,,,,,,,,,,,,,,,success
XC144666,,,,,,,,,,,,,,,,,,,,,,success
XC144672,,,,,,,,,,,,,,,,,,,,,,success
XC144674,,,,,,,,,,,,,,,,,,,,,,success
XC144675,,,,,,,,,,,,,,,,,,,,,,success
XC144676,,,,,,,,,,,,,,,,,,,,,,success
XC144696,,,,,,,,,,,,,,,,,,,,,,success
XC144899,,,,,,,,,,,,,,,,,,,,,,success
XC145054,,,,,,,,,,,,,,,,,,,,,,success
XC145055,,,,,,,,,,,,,,,,,,,,,,success
XC146080,,,,,,,,,,,,,,,,,,,,,,success
XC146082,,,,,,,,,,,,,,,,,,,,,,success
XC146083,,,,,,,,,,,,,,,,,,,,,,success
XC146086,,,,,,,,,,,,,,,,,,,,,,success
XC146148,,,,,,,,,,,,,,,,,,,,,,success
XC146167,,,,,,,,,,,,,,,,,,,,,,success
XC146297,,,,,,,,,,,,,,,,,,,,,,success
XC146599,,,,,,,,,,,,,,,,,,,,,,success
XC146604,,,,,,,,,,,,,,,,,,,,,,success
XC147059,,,,,,,,,,,,,,,,,,,,,,success
XC147067,,,,,,,,,,,,,,,,,,,,,,success
XC147069,,,,,,,,,,,,,,,,,,,,,,success
XC147070,,,,,,,,,,,,,,,,,,,,,,success
XC147071,,,,,,,,,,,,,,,,,,,,,,success
XC147072,,,,,,,,,,,,,,,,,,,,,,success
XC147073,,,,,,,,,,,,,,,,,,,,,,success
XC147272,,,,,,,,,,,,,,,,,,,,,,success
XC147273,,,,,,,,,,,,,,,,,,,,,,success
XC147278,,,,,,,,,,,,,,,,,,,,,,success
XC147286,,,,,,,,,,,,,,,,,,,,,,success
XC147287,,,,,,,,,,,,,,,,,,,,,,success
XC147288,,,,,,,,,,,,,,,,,,,,,,success
XC147289,,,,,,,,,,,,,,,,,,,,,,success
XC147290,,,,,,,,,,,,,,,,,,,,,,success
XC147291,,,,,,,,,,,,,,,,,,,,,,success
XC147292,,,,,,,,,,,,,,,,,,,,,,success
XC147879,,,,,,,,,,,,,,,,,,,,,,success
XC147880,,,,,,,,,,,,,,,,,,,,,,success
XC148239,,,,,,,,,,,,,,,,,,,,,,success
XC148500,,,,,,,,,,,,,,,,,,,,,,success
XC148502,,,,,,,,,,,,,,,,,,,,,,success
XC148503,,,,,,,,,,,,,,,,,,,,,,success
XC148504,,,,,,,,,,,,,,,,,,,,,,success
XC149087,,,,,,,,,,,,,,,,,,,,,,success
XC149225,,,,,,,,,,,,,,,,,,,,,,success
XC149253,,,,,,,,,,,,,,,,,,,,,,success
XC149269,,,,,,,,,,,,,,,,,,,,,,success
XC149270,,,,,,,,,,,,,,,,,,,,,,success
XC149271,,,,,,,,,,,,,,,,,,,,,,success
XC149273,,,,,,,,,,,,,,,,,,,,,,success
XC149275,,,,,,,,,,,,,,,,,,,,,,success
XC149276,,,,,,,,,,,,,,,,,,,,,,success
XC149277,,,,,,,,,,,,,,,,,,,,,,success
XC149283,,,,,,,,,,,,,,,,,,,,,,success
XC149284,,,,,,,,,,,,,,,,,,,,,,success
XC149285,,,,,,,,,,,,,,,,,,,,,,success
XC149286,,,,,,,,,,,,,,,,,,,,,,success
XC149289,,,,,,,,,,,,,,,,,,,,,,success
XC149290,,,,,,,,,,,,,,,,,,,,,,success
XC149305,,,,,,,,,,,,,,,,,,,,,,success
XC149337,,,,,,,,,,,,,,,,,,,,,,success
XC149345,,,,,,,,,,,,,,,,,,,,,,success
XC149386,,,,,,,,,,,,,,,,,,,,,,success
XC149387,,,,,,,,,,,,,,,,,,,,,,success
XC149388,,,,,,,,,,,,,,,,,,,,,,success
XC149390,,,,,,,,,,,,,,,,,,,,,,success
XC149391,,,,,,,,,,,,,,,,,,,,,,success
XC149392,,,,,,,,,,,,,,,,,,,,,,success
XC149393,,,,,,,,,,,,,,,,,,,,,,success
XC149395,,,,,,,,,,,,,,,,,,,,,,success
XC149397,,,,,,,,,,,,,,,,,,,,,,success
XC149398,,,,,,,,,,,,,,,,,,,,,,success
XC149399,,,,,,,,,,,,,,,,,,,,,,success
XC149401,,,,,,,,,,,,,,,,,,,,,,success
XC149402,,,,,,,,,,,,,,,,,,,,,,success
XC149403,,,,,,,,,,,,,,,,,,,,,,success
XC149405,,,,,,,,,,,,,,,,,,,,,,success
XC149406,,,,,,,,,,,,,,,,,,,,,,success
XC149591,,,,,,,,,,,,,,,,,,,,,,success
XC149911,,,,,,,,,,,,,,,,,,,,,,success
XC149941,,,,,,,,,,,,,,,,,,,,,,success
XC150015,,,,,,,,,,,,,,,,,,,,,,success
XC150063,,,,,,,,,,,,,,,,,,,,,,success
XC150215,,,,,,,,,,,,,,,,,,,,,,success
XC150216,,,,,,,,,,,,,,,,,,,,,,success
XC150220,,,,,,,,,,,,,,,,,,,,,,success
XC150427,,,,,,,,,,,,,,,,,,,,,,success
XC150428,,,,,,,,,,,,,,,,,,,,,,success
XC151103,,,,,,,,,,,,,,,,,,,,,,success
XC151283,,,,,,,,,,,,,,,,,,,,,,success
XC152339,,,,,,,,,,,,,,,,,,,,,,success
XC152396,,,,,,,,,,,,,,,,,,,,,,success
XC152413,,,,,,,,,,,,,,,,,,,,,,success
XC152456,,,,,,,,,,,,,,,,,,,,,,success
XC152476,,,,,,,,,,,,,,,,,,,,,,success
XC152477,,,,,,,,,,,,,,,,,,,,,,success
XC152601,,,,,,,,,,,,,,,,,,,,,,success
XC152873,,,,,,,,,,,,,,,,,,,,,,success
XC152886,,,,,,,,,,,,,,,,,,,,,,success
XC153020,,,,,,,,,,,,,,,,,,,,,,success
XC153035,,,,,,,,,,,,,,,,,,,,,,success
XC153179,,,,,,,,,,,,,,,,,,,,,,success
XC153246,,,,,,,,,,,,,,,,,,,,,,success
XC153402,,,,,,,,,,,,,,,,,,,,,,success
XC153403,,,,,,,,,,,,,,,,,,,,,,success
XC153409,,,,,,,,,,,,,,,,,,,,,,success
XC153410,,,,,,,,,,,,,,,,,,,,,,success
XC153411,,,,,,,,,,,,,,,,,,,,,,success
XC153412,,,,,,,,,,,,,,,,,,,,,,success
XC153417,,,,,,,,,,,,,,,,,,,,,,success
XC153438,,,,,,,,,,,,,,,,,,,,,,success
XC153440,,,,,,,,,,,,,,,,,,,,,,success
XC153442,,,,,,,,,,,,,,,,,,,,,,success
XC153443,,,,,,,,,,,,,,,,,,,,,,success
XC153474,,,,,,,,,,,,,,,,,,,,,,success
XC153475,,,,,,,,,,,,,,,,,,,,,,success
XC153476,,,,,,,,,,,,,,,,,,,,,,success
XC153478,,,,,,,,,,,,,,,,,,,,,,success
XC153480,,,,,,,,,,,,,,,,,,,,,,success
XC153483,,,,,,,,,,,,,,,,,,,,,,success
XC153552,,,,,,,,,,,,,,,,,,,,,,success
XC153554,,,,,,,,,,,,,,,,,,,,,,success
XC153556,,,,,,,,,,,,,,,,,,,,,,success
XC153640,,,,,,,,,,,,,,,,,,,,,,success
XC153786,,,,,,,,,,,,,,,,,,,,,,success
XC153860,,,,,,,,,,,,,,,,,,,,,,success
XC153879,,,,,,,,,,,,,,,,,,,,,,success
XC154092,,,,,,,,,,,,,,,,,,,,,,success
XC154310,,,,,,,,,,,,,,,,,,,,,,success
XC154449,,,,,,,,,,,,,,,,,,,,,,success
XC154891,,,,,,,,,,,,,,,,,,,,,,success
XC155039,,,,,,,,,,,,,,,,,,,,,,success
XC155357,,,,,,,,,,,,,,,,,,,,,,success
XC155439,,,,,,,,,,,,,,,,,,,,,,success
XC155440,,,,,,,,,,,,,,,,,,,,,,success
XC155441,,,,,,,,,,,,,,,,,,,,,,success
XC155548,,,,,,,,,,,,,,,,,,,,,,success
XC156075,,,,,,,,,,,,,,,,,,,,,,success
XC156195,,,,,,,,,,,,,,,,,,,,,,success
XC156257,,,,,,,,,,,,,,,,,,,,,,success
XC156532,,,,,,,,,,,,,,,,,,,,,,success
XC156536,,,,,,,,,,,,,,,,,,,,,,success
XC156643,,,,,,,,,,,,,,,,,,,,,,success
XC156746,,,,,,,,,,,,,,,,,,,,,,success
XC156788,,,,,,,,,,,,,,,,,,,,,,success
XC156822,,,,,,,,,,,,,,,,,,,,,,success
XC157452,,,,,,,,,,,,,,,,,,,,,,success
XC157457,,,,,,,,,,,,,,,,,,,,,,success
XC157459,,,,,,,,,,,,,,,,,,,,,,success
XC157462,,,,,,,,,,,,,,,,,,,,,,success
XC157611,,,,,,,,,,,,,,,,,,,,,,success
XC157628,,,,,,,,,,,,,,,,,,,,,,success
XC157638,,,,,,,,,,,,,,,,,,,,,,success
XC157666,,,,,,,,,,,,,,,,,,,,,,success
XC157677,,,,,,,,,,,,,,,,,,,,,,success
XC157759,,,,,,,,,,,,,,,,,,,,,,success
XC157776,,,,,,,,,,,,,,,,,,,,,,success
XC157777,,,,,,,,,,,,,,,,,,,,,,success
XC157778,,,,,,,,,,,,,,,,,,,,,,success
XC157779,,,,,,,,,,,,,,,,,,,,,,success
XC157888,,,,,,,,,,,,,,,,,,,,,,success
XC157890,,,,,,,,,,,,,,,,,,,,,,success
XC158380,,,,,,,,,,,,,,,,,,,,,,success
XC158384,,,,,,,,,,,,,,,,,,,,,,success
XC158401,,,,,,,,,,,,,,,,,,,,,,success
XC158415,,,,,,,,,,,,,,,,,,,,,,success
XC158517,,,,,,,,,,,,,,,,,,,,,,success
XC158534,,,,,,,,,,,,,,,,,,,,,,success
XC158795,,,,,,,,,,,,,,,,,,,,,,success
XC158797,,,,,,,,,,,,,,,,,,,,,,success
XC158801,,,,,,,,,,,,,,,,,,,,,,success
XC160878,,,,,,,,,,,,,,,,,,,,,,success
XC160880,,,,,,,,,,,,,,,,,,,,,,success
XC160904,,,,,,,,,,,,,,,,,,,,,,success
XC160906,,,,,,,,,,,,,,,,,,,,,,success
XC160907,,,,,,,,,,,,,,,,,,,,,,success
XC160908,,,,,,,,,,,,,,,,,,,,,,success
XC160910,,,,,,,,,,,,,,,,,,,,,,success
XC160911,,,,,,,,,,,,,,,,,,,,,,success
XC160912,,,,,,,,,,,,,,,,,,,,,,success
XC160913,,,,,,,,,,,,,,,,,,,,,,success
XC160914,,,,,,,,,,,,,,,,,,,,,,success
XC160915,,,,,,,,,,,,,,,,,,,,,,success
XC160917,,,,,,,,,,,,,,,,,,,,,,success
XC160978,,,,,,,,,,,,,,,,,,,,,,success
XC160983,,,,,,,,,,,,,,,,,,,,,,success
XC160984,,,,,,,,,,,,,,,,,,,,,,success
XC160985,,,,,,,,,,,,,,,,,,,,,,success
XC160987,,,,,,,,,,,,,,,,,,,,,,success
XC16111,,,,,,,,,,,,,,,,,,,,,,success
XC161152,,,,,,,,,,,,,,,,,,,,,,success
XC161897,,,,,,,,,,,,,,,,,,,,,,success
XC162091,,,,,,,,,,,,,,,,,,,,,,success
XC162851,,,,,,,,,,,,,,,,,,,,,,success
XC16305,,,,,,,,,,,,,,,,,,,,,,success
XC163060,,,,,,,,,,,,,,,,,,,,,,success
XC163061,,,,,,,,,,,,,,,,,,,,,,success
XC163062,,,,,,,,,,,,,,,,,,,,,,success
XC163063,,,,,,,,,,,,,,,,,,,,,,success
XC163064,,,,,,,,,,,,,,,,,,,,,,success
XC163065,,,,,,,,,,,,,,,,,,,,,,success
XC163066,,,,,,,,,,,,,,,,,,,,,,success
XC163067,,,,,,,,,,,,,,,,,,,,,,success
XC163068,,,,,,,,,,,,,,,,,,,,,,success
XC163209,,,,,,,,,,,,,,,,,,,,,,success
XC163210,,,,,,,,,,,,,,,,,,,,,,success
XC163612,,,,,,,,,,,,,,,,,,,,,,success
XC163633,,,,,,,,,,,,,,,,,,,,,,success
XC163684,,,,,,,,,,,,,,,,,,,,,,success
XC163734,,,,,,,,,,,,,,,,,,,,,,success
XC163751,,,,,,,,,,,,,,,,,,,,,,success
XC163942,,,,,,,,,,,,,,,,,,,,,,success
XC164259,,,,,,,,,,,,,,,,,,,,,,success
XC164549,,,,,,,,,,,,,,,,,,,,,,success
XC164729,,,,,,,,,,,,,,,,,,,,,,success
XC164791,,,,,,,,,,,,,,,,,,,,,,success
XC165034,,,,,,,,,,,,,,,,,,,,,,success
XC165267,,,,,,,,,,,,,,,,,,,,,,success
XC165272,,,,,,,,,,,,,,,,,,,,,,success
XC165280,,,,,,,,,,,,,,,,,,,,,,success
XC165284,,,,,,,,,,,,,,,,,,,,,,success
XC165285,,,,,,,,,,,,,,,,,,,,,,success
XC165291,,,,,,,,,,,,,,,,,,,,,,success
XC165292,,,,,,,,,,,,,,,,,,,,,,success
XC165294,,,,,,,,,,,,,,,,,,,,,,success
XC165295,,,,,,,,,,,,,,,,,,,,,,success
XC165298,,,,,,,,,,,,,,,,,,,,,,success
XC165299,,,,,,,,,,,,,,,,,,,,,,success
XC165300,,,,,,,,,,,,,,,,,,,,,,success
XC165302,,,,,,,,,,,,,,,,,,,,,,success
XC165303,,,,,,,,,,,,,,,,,,,,,,success
XC165304,,,,,,,,,,,,,,,,,,,,,,success
XC165314,,,,,,,,,,,,,,,,,,,,,,success
XC165317,,,,,,,,,,,,,,,,,,,,,,success
XC165319,,,,,,,,,,,,,,,,,,,,,,success
XC165320,,,,,,,,,,,,,,,,,,,,,,success
XC165321,,,,,,,,,,,,,,,,,,,,,,success
XC165322,,,,,,,,,,,,,,,,,,,,,,success
XC165323,,,,,,,,,,,,,,,,,,,,,,success
XC165324,,,,,,,,,,,,,,,,,,,,,,success
XC165325,,,,,,,,,,,,,,,,,,,,,,success
XC165450,,,,,,,,,,,,,,,,,,,,,,success
XC165566,,,,,,,,,,,,,,,,,,,,,,success
XC165672,,,,,,,,,,,,,,,,,,,,,,success
XC166076,,,,,,,,,,,,,,,,,,,,,,success
XC166083,,,,,,,,,,,,,,,,,,,,,,success
XC166084,,,,,,,,,,,,,,,,,,,,,,success
XC166085,,,,,,,,,,,,,,,,,,,,,,success
XC166220,,,,,,,,,,,,,,,,,,,,,,success
XC166398,,,,,,,,,,,,,,,,,,,,,,success
XC166419,,,,,,,,,,,,,,,,,,,,,,success
XC166584,,,,,,,,,,,,,,,,,,,,,,success
XC167153,,,,,,,,,,,,,,,,,,,,,,success
XC167210,,,,,,,,,,,,,,,,,,,,,,success
XC167212,,,,,,,,,,,,,,,,,,,,,,success
XC167605,,,,,,,,,,,,,,,,,,,,,,success
XC167606,,,,,,,,,,,,,,,,,,,,,,success
XC167609,,,,,,,,,,,,,,,,,,,,,,success
XC167611,,,,,,,,,,,,,,,,,,,,,,success
XC167789,,,,,,,,,,,,,,,,,,,,,,success
XC167791,,,,,,,,,,,,,,,,,,,,,,success
XC167792,,,,,,,,,,,,,,,,,,,,,,success
XC167793,,,,,,,,,,,,,,,,,,,,,,success
XC167817,,,,,,,,,,,,,,,,,,,,,,success
XC167818,,,,,,,,,,,,,,,,,,,,,,success
XC167819,,,,,,,,,,,,,,,,,,,,,,success
XC167820,,,,,,,,,,,,,,,,,,,,,,success
XC167821,,,,,,,,,,,,,,,,,,,,,,success
XC167900,,,,,,,,,,,,,,,,,,,,,,success
XC167901,,,,,,,,,,,,,,,,,,,,,,success
XC167902,,,,,,,,,,,,,,,,,,,,,,success
XC167903,,,,,,,,,,,,,,,,,,,,,,success
XC167904,,,,,,,,,,,,,,,,,,,,,,success
XC167952,,,,,,,,,,,,,,,,,,,,,,success
XC167970,,,,,,,,,,,,,,,,,,,,,,success
XC168080,,,,,,,,,,,,,,,,,,,,,,success
XC168081,,,,,,,,,,,,,,,,,,,,,,success
XC168082,,,,,,,,,,,,,,,,,,,,,,success
XC168092,,,,,,,,,,,,,,,,,,,,,,success
XC168094,,,,,,,,,,,,,,,,,,,,,,success
XC168397,,,,,,,,,,,,,,,,,,,,,,success
XC168573,,,,,,,,,,,,,,,,,,,,,,success
XC168584,,,,,,,,,,,,,,,,,,,,,,success
XC168609,,,,,,,,,,,,,,,,,,,,,,success
XC168751,,,,,,,,,,,,,,,,,,,,,,success
XC168752,,,,,,,,,,,,,,,,,,,,,,success
XC168753,,,,,,,,,,,,,,,,,,,,,,success
XC168795,,,,,,,,,,,,,,,,,,,,,,success
XC168796,,,,,,,,,,,,,,,,,,,,,,success
XC168876,,,,,,,,,,,,,,,,,,,,,,success
XC168882,,,,,,,,,,,,,,,,,,,,,,success
XC16891,,,,,,,,,,,,,,,,,,,,,,success
XC16892,,,,,,,,,,,,,,,,,,,,,,success
XC16893,,,,,,,,,,,,,,,,,,,,,,success
XC168958,,,,,,,,,,,,,,,,,,,,,,success
XC16897,,,,,,,,,,,,,,,,,,,,,,success
XC16900,,,,,,,,,,,,,,,,,,,,,,success
XC169069,,,,,,,,,,,,,,,,,,,,,,success
XC16908,,,,,,,,,,,,,,,,,,,,,,success
XC169080,,,,,,,,,,,,,,,,,,,,,,success
XC169081,,,,,,,,,,,,,,,,,,,,,,success
XC169082,,,,,,,,,,,,,,,,,,,,,,success
XC169083,,,,,,,,,,,,,,,,,,,,,,success
XC169084,,,,,,,,,,,,,,,,,,,,,,success
XC169085,,,,,,,,,,,,,,,,,,,,,,success
XC169137,,,,,,,,,,,,,,,,,,,,,,success
XC169144,,,,,,,,,,,,,,,,,,,,,,success
XC169145,,,,,,,,,,,,,,,,,,,,,,success
XC169146,,,,,,,,,,,,,,,,,,,,,,success
XC169151,,,,,,,,,,,,,,,,,,,,,,success
XC169152,,,,,,,,,,,,,,,,,,,,,,success
XC16917,,,,,,,,,,,,,,,,,,,,,,success
XC16924,,,,,,,,,,,,,,,,,,,,,,success
XC16925,,,,,,,,,,,,,,,,,,,,,,success
XC169404,,,,,,,,,,,,,,,,,,,,,,success
XC169443,,,,,,,,,,,,,,,,,,,,,,success
XC169596,,,,,,,,,,,,,,,,,,,,,,success
XC169597,,,,,,,,,,,,,,,,,,,,,,success
XC16967,,,,,,,,,,,,,,,,,,,,,,success
XC16971,,,,,,,,,,,,,,,,,,,,,,success
XC169752,,,,,,,,,,,,,,,,,,,,,,success
XC16991,,,,,,,,,,,,,,,,,,,,,,success
XC16992,,,,,,,,,,,,,,,,,,,,,,success
XC170063,,,,,,,,,,,,,,,,,,,,,,success
XC170238,,,,,,,,,,,,,,,,,,,,,,success
XC170239,,,,,,,,,,,,,,,,,,,,,,success
XC170393,,,,,,,,,,,,,,,,,,,,,,success
XC170415,,,,,,,,,,,,,,,,,,,,,,success
XC170783,,,,,,,,,,,,,,,,,,,,,,success
XC170895,,,,,,,,,,,,,,,,,,,,,,success
XC17094,,,,,,,,,,,,,,,,,,,,,,success
XC170982,,,,,,,,,,,,,,,,,,,,,,success
XC170983,,,,,,,,,,,,,,,,,,,,,,success
XC170984,,,,,,,,,,,,,,,,,,,,,,success
XC170985,,,,,,,,,,,,,,,,,,,,,,success
XC170988,,,,,,,,,,,,,,,,,,,,,,success
XC17100,,,,,,,,,,,,,,,,,,,,,,success
XC17105,,,,,,,,,,,,,,,,,,,,,,success
XC171092,,,,,,,,,,,,,,,,,,,,,,success
XC171094,,,,,,,,,,,,,,,,,,,,,,success
XC17120,,,,,,,,,,,,,,,,,,,,,,success
