xc_id,status
2467,http_error_404
2476,http_error_404
2628,http_error_404
27277,http_error_404
27545,http_error_404
28267,http_error_404
28786,http_error_404
31010,http_error_404
31011,http_error_404
31012,http_error_404
31023,http_error_404
31031,http_error_404
31047,http_error_404
31049,http_error_404
31060,http_error_404
31114,http_error_404
31116,http_error_404
31117,http_error_404
31123,http_error_404
31124,http_error_404
31125,http_error_404
31126,http_error_404
31127,http_error_404
31128,http_error_404
31180,http_error_404
31202,http_error_404
31203,http_error_404
31204,http_error_404
31205,http_error_404
31206,http_error_404
31308,http_error_404
31312,http_error_404
31313,http_error_404
31314,http_error_404
31315,http_error_404
31316,http_error_404
31481,http_error_404
31670,http_error_404
32024,http_error_404
32182,http_error_404
32183,http_error_404
32184,http_error_404
32520,http_error_404
37387,http_error_404
43470,http_error_404
134502,http_error_404
134504,http_error_404
134505,http_error_404
134872,http_error_404
134874,http_error_404
134876,http_error_404
134994,http_error_404
135026,http_error_404
135052,http_error_404
135053,http_error_404
135054,http_error_404
135055,http_error_404
135067,http_error_404
135075,http_error_404
135086,http_error_404
135087,http_error_404
135110,http_error_404
135117,http_error_404
135120,http_error_404
135284,http_error_404
135440,http_error_404
135451,http_error_404
135454,http_error_404
135455,http_error_404
135456,http_error_404
135457,http_error_404
135459,http_error_404
135460,http_error_404
135462,http_error_404
135463,http_error_404
135466,http_error_404
135468,http_error_404
135476,http_error_404
135477,http_error_404
135478,http_error_404
135492,http_error_404
135494,http_error_404
135495,http_error_404
135496,http_error_404
135497,http_error_404
135498,http_error_404
135499,http_error_404
135501,http_error_404
135502,http_error_404
135503,http_error_404
135680,http_error_404
135688,http_error_404
135883,http_error_404
136021,http_error_404
136035,http_error_404
136051,http_error_404
136052,http_error_404
136053,http_error_404
136054,http_error_404
136055,http_error_404
136115,http_error_404
136140,http_error_404
136330,http_error_404
137040,http_error_404
137041,http_error_404
137042,http_error_404
137043,http_error_404
137044,http_error_404
137045,http_error_404
137527,http_error_404
137570,http_error_404
137604,http_error_404
137605,http_error_404
137610,http_error_404
137618,http_error_404
137637,http_error_404
137714,http_error_404
137726,http_error_404
137741,http_error_404
137774,http_error_404
137865,http_error_404
138054,http_error_404
138063,http_error_404
138065,http_error_404
138066,http_error_404
138068,http_error_404
138069,http_error_404
138073,http_error_404
138084,http_error_404
138085,http_error_404
138093,http_error_404
138140,http_error_404
138154,http_error_404
138159,http_error_404
138517,http_error_404
138610,http_error_404
138633,http_error_404
138639,http_error_404
138706,http_error_404
138718,http_error_404
138873,http_error_404
139055,http_error_404
139086,http_error_404
139089,http_error_404
139144,http_error_404
139171,http_error_404
139433,http_error_404
139438,http_error_404
139439,http_error_404
139446,http_error_404
139577,http_error_404
139595,http_error_404
139598,http_error_404
139603,http_error_404
139605,http_error_404
139608,http_error_404
139610,http_error_404
140465,http_error_404
169404,http_error_404
191024,http_error_404
191025,http_error_404
191543,http_error_404
202805,http_error_404
202806,http_error_404
202807,http_error_404
202808,http_error_404
206516,http_error_404
212963,http_error_404
215135,http_error_404
233346,http_error_404
240404,http_error_404
240406,http_error_404
243775,http_error_404
243776,http_error_404
243795,http_error_404
243829,http_error_404
243969,http_error_404
243991,http_error_404
243993,http_error_404
244350,http_error_404
244351,http_error_404
244358,http_error_404
244458,http_error_404
244459,http_error_404
244505,http_error_404
244525,http_error_404
244526,http_error_404
244530,http_error_404
244531,http_error_404
244573,http_error_404
244583,http_error_404
244667,http_error_404
244724,http_error_404
245645,http_error_404
245809,http_error_404
245849,http_error_404
245875,http_error_404
245894,http_error_404
245947,http_error_404
246092,http_error_404
246110,http_error_404
246112,http_error_404
246200,http_error_404
246539,http_error_404
246727,http_error_404
246756,http_error_404
246776,http_error_404
246778,http_error_404
246857,http_error_404
247259,http_error_404
247300,http_error_404
247308,http_error_404
247618,http_error_404
247621,http_error_404
247690,http_error_404
247768,http_error_404
247772,http_error_404
247775,http_error_404
247799,http_error_404
247801,http_error_404
247833,http_error_404
247838,http_error_404
247851,http_error_404
248001,http_error_404
248099,http_error_404
250549,http_error_404
250844,http_error_404
250860,http_error_404
250999,http_error_404
251802,http_error_404
251806,http_error_404
251826,http_error_404
252006,http_error_404
252019,http_error_404
252235,http_error_404
252396,http_error_404
252571,http_error_404
252838,http_error_404
252840,http_error_404
252931,http_error_404
253150,http_error_404
253256,http_error_404
253317,http_error_404
253320,http_error_404
253321,http_error_404
253328,http_error_404
253360,http_error_404
253386,http_error_404
253389,http_error_404
253397,http_error_404
253399,http_error_404
253455,http_error_404
253520,http_error_404
253521,http_error_404
253535,http_error_404
253704,http_error_404
253718,http_error_404
253812,http_error_404
253814,http_error_404
253842,http_error_404
253846,http_error_404
253847,http_error_404
253854,http_error_404
253921,http_error_404
253935,http_error_404
253946,http_error_404
253947,http_error_404
253948,http_error_404
253951,http_error_404
254058,http_error_404
254062,http_error_404
254066,http_error_404
254068,http_error_404
254071,http_error_404
254293,http_error_404
254295,http_error_404
254296,http_error_404
254298,http_error_404
254299,http_error_404
254300,http_error_404
254301,http_error_404
254310,http_error_404
254449,http_error_404
254456,http_error_404
254467,http_error_404
254483,http_error_404
254484,http_error_404
254489,http_error_404
254491,http_error_404
254537,http_error_404
254552,http_error_404
254588,http_error_404
254589,http_error_404
254960,http_error_404
254962,http_error_404
255284,http_error_404
255294,http_error_404
255438,http_error_404
255471,http_error_404
255549,http_error_404
255631,http_error_404
255824,http_error_404
255914,http_error_404
256110,http_error_404
256195,http_error_404
256198,http_error_404
256216,http_error_404
256292,http_error_404
256452,http_error_404
256543,http_error_404
256595,http_error_404
256731,http_error_404
256732,http_error_404
256733,http_error_404
256734,http_error_404
256736,http_error_404
256738,http_error_404
256758,http_error_404
256759,http_error_404
256760,http_error_404
256842,http_error_404
256847,http_error_404
256848,http_error_404
256850,http_error_404
256889,http_error_404
256893,http_error_404
256895,http_error_404
256896,http_error_404
256898,http_error_404
256909,http_error_404
256910,http_error_404
256913,http_error_404
256914,http_error_404
256971,http_error_404
256972,http_error_404
256974,http_error_404
256975,http_error_404
256976,http_error_404
256977,http_error_404
256982,http_error_404
256983,http_error_404
256984,http_error_404
256985,http_error_404
256986,http_error_404
257130,http_error_404
257286,http_error_404
257370,http_error_404
257371,http_error_404
257372,http_error_404
257401,http_error_404
259523,http_error_404
259578,http_error_404
259620,http_error_404
260163,http_error_404
260164,http_error_404
260167,http_error_404
260191,http_error_404
260196,http_error_404
260200,http_error_404
260204,http_error_404
260208,http_error_404
260937,http_error_404
260938,http_error_404
260939,http_error_404
261094,http_error_404
261334,http_error_404
261335,http_error_404
261339,http_error_404
261340,http_error_404
261341,http_error_404
261345,http_error_404
261350,http_error_404
261423,http_error_404
262815,http_error_404
263186,http_error_404
263187,http_error_404
263188,http_error_404
263224,http_error_404
263236,http_error_404
263260,http_error_404
263266,http_error_404
263270,http_error_404
263347,http_error_404
263353,http_error_404
263354,http_error_404
263371,http_error_404
263374,http_error_404
263377,http_error_404
263402,http_error_404
263404,http_error_404
263461,http_error_404
263483,http_error_404
263484,http_error_404
263485,http_error_404
263498,http_error_404
263634,http_error_404
264267,http_error_404
264343,http_error_404
264344,http_error_404
264715,http_error_404
264717,http_error_404
264718,http_error_404
264719,http_error_404
265043,http_error_404
265072,http_error_404
265075,http_error_404
265076,http_error_404
265077,http_error_404
265078,http_error_404
265422,http_error_404
265423,http_error_404
266078,http_error_404
266321,http_error_404
267262,http_error_404
267288,http_error_404
267501,http_error_404
267502,http_error_404
267509,http_error_404
267927,http_error_404
267948,http_error_404
267950,http_error_404
267952,http_error_404
267956,http_error_404
267958,http_error_404
267960,http_error_404
267970,http_error_404
267971,http_error_404
267974,http_error_404
267975,http_error_404
267976,http_error_404
267982,http_error_404
267986,http_error_404
268481,http_error_404
268646,http_error_404
268648,http_error_404
268649,http_error_404
268655,http_error_404
268658,http_error_404
268659,http_error_404
268755,http_error_404
268815,http_error_404
269062,http_error_404
269063,http_error_404
269082,http_error_404
269097,http_error_404
269473,http_error_404
269491,http_error_404
269493,http_error_404
269496,http_error_404
269518,http_error_404
269737,http_error_404
269738,http_error_404
269950,http_error_404
270181,http_error_404
270182,http_error_404
270187,http_error_404
270189,http_error_404
270192,http_error_404
270195,http_error_404
270198,http_error_404
271037,http_error_404
272153,http_error_404
272302,http_error_404
275582,http_error_404
275782,http_error_404
276906,http_error_404
276993,http_error_404
277126,http_error_404
277243,http_error_404
277334,http_error_404
277339,http_error_404
277505,http_error_404
277506,http_error_404
277508,http_error_404
277511,http_error_404
277523,http_error_404
277550,http_error_404
277553,http_error_404
277557,http_error_404
277562,http_error_404
277579,http_error_404
277582,http_error_404
277586,http_error_404
277590,http_error_404
277600,http_error_404
277601,http_error_404
277602,http_error_404
277603,http_error_404
277604,http_error_404
277605,http_error_404
277637,http_error_404
277676,http_error_404
277679,http_error_404
277742,http_error_404
277800,http_error_404
277921,http_error_404
277930,http_error_404
277932,http_error_404
277945,http_error_404
278000,http_error_404
278074,http_error_404
278099,http_error_404
278196,http_error_404
278350,http_error_404
278825,http_error_404
278827,http_error_404
278828,http_error_404
278925,http_error_404
278928,http_error_404
279018,http_error_404
279134,http_error_404
279138,http_error_404
279140,http_error_404
279142,http_error_404
279143,http_error_404
279667,http_error_404
279682,http_error_404
279719,http_error_404
279721,http_error_404
279723,http_error_404
279738,http_error_404
282093,http_error_404
282293,http_error_404
282294,http_error_404
282295,http_error_404
282296,http_error_404
282320,http_error_404
282410,http_error_404
282428,http_error_404
282761,http_error_404
282797,http_error_404
282847,http_error_404
282849,http_error_404
282989,http_error_404
283162,http_error_404
283195,http_error_404
283396,http_error_404
283403,http_error_404
283406,http_error_404
283475,http_error_404
283536,http_error_404
283538,http_error_404
283540,http_error_404
283608,http_error_404
283622,http_error_404
283951,http_error_404
283953,http_error_404
284019,http_error_404
284020,http_error_404
284247,http_error_404
284485,http_error_404
284487,http_error_404
284492,http_error_404
284495,http_error_404
286399,http_error_404
286532,http_error_404
286592,http_error_404
286644,http_error_404
286838,http_error_404
286863,http_error_404
286946,http_error_404
287459,http_error_404
287461,http_error_404
287637,http_error_404
287907,http_error_404
288338,http_error_404
288339,http_error_404
288343,http_error_404
288791,http_error_404
288983,http_error_404
288984,http_error_404
288988,http_error_404
288989,http_error_404
288994,http_error_404
289009,http_error_404
289011,http_error_404
289032,http_error_404
289049,http_error_404
289173,http_error_404
289177,http_error_404
289181,http_error_404
289226,http_error_404
289227,http_error_404
289357,http_error_404
289367,http_error_404
289663,http_error_404
290041,http_error_404
290042,http_error_404
290043,http_error_404
290046,http_error_404
290133,http_error_404
290148,http_error_404
290156,http_error_404
291048,http_error_404
291049,http_error_404
291050,http_error_404
291092,http_error_404
291107,http_error_404
291120,http_error_404
291223,http_error_404
291499,http_error_404
291617,http_error_404
291618,http_error_404
291919,http_error_404
292085,http_error_404
292274,http_error_404
292588,http_error_404
292673,http_error_404
292765,http_error_404
292859,http_error_404
292860,http_error_404
292919,http_error_404
293012,http_error_404
293013,http_error_404
293125,http_error_404
293130,http_error_404
293246,http_error_404
293250,http_error_404
293291,http_error_404
293435,http_error_404
293440,http_error_404
293615,http_error_404
293789,http_error_404
293803,http_error_404
293812,http_error_404
293898,http_error_404
293949,http_error_404
294126,http_error_404
294130,http_error_404
294136,http_error_404
294138,http_error_404
294191,http_error_404
294204,http_error_404
294242,http_error_404
294255,http_error_404
294256,http_error_404
294348,http_error_404
294424,http_error_404
294460,http_error_404
294764,http_error_404
295589,http_error_404
296027,http_error_404
296046,http_error_404
296156,http_error_404
296162,http_error_404
296164,http_error_404
296308,http_error_404
296398,http_error_404
296660,http_error_404
296725,http_error_404
296754,http_error_404
296883,http_error_404
296884,http_error_404
296886,http_error_404
296887,http_error_404
296888,http_error_404
296892,http_error_404
296918,http_error_404
296956,http_error_404
297296,http_error_404
297402,http_error_404
297404,http_error_404
297437,http_error_404
297440,http_error_404
297441,http_error_404
297468,http_error_404
297504,http_error_404
297533,http_error_404
297540,http_error_404
297543,http_error_404
297544,http_error_404
297550,http_error_404
297854,http_error_404
297982,http_error_404
298203,http_error_404
298362,http_error_404
298363,http_error_404
298379,http_error_404
298401,http_error_404
298451,http_error_404
298561,http_error_404
298663,http_error_404
298966,http_error_404
299017,http_error_404
299244,http_error_404
299357,http_error_404
299501,http_error_404
299602,http_error_404
299725,http_error_404
299852,http_error_404
300049,http_error_404
300056,http_error_404
301528,http_error_404
301529,http_error_404
301672,http_error_404
301714,http_error_404
301715,http_error_404
301850,http_error_404
301854,http_error_404
302170,http_error_404
302249,http_error_404
302253,http_error_404
302256,http_error_404
302322,http_error_404
302517,http_error_404
302540,http_error_404
302542,http_error_404
302548,http_error_404
302549,http_error_404
302551,http_error_404
302573,http_error_404
302644,http_error_404
302953,http_error_404
303471,http_error_404
304269,http_error_404
304270,http_error_404
304441,http_error_404
304446,http_error_404
304534,http_error_404
304582,http_error_404
304643,http_error_404
304644,http_error_404
304674,http_error_404
304676,http_error_404
304677,http_error_404
304679,http_error_404
304680,http_error_404
304681,http_error_404
304789,http_error_404
304790,http_error_404
304798,http_error_404
304800,http_error_404
304801,http_error_404
304877,http_error_404
304879,http_error_404
304931,http_error_404
305019,http_error_404
305020,http_error_404
305022,http_error_404
305023,http_error_404
305276,http_error_404
305762,http_error_404
305798,http_error_404
305799,http_error_404
305888,http_error_404
305896,http_error_404
306127,http_error_404
306142,http_error_404
306144,http_error_404
306327,http_error_404
306348,connection_error
306351,connection_error
306387,connection_error
306388,connection_error
306410,connection_error
306438,connection_error
306498,connection_error
306584,connection_error
306680,connection_error
306856,connection_error
307016,connection_error
307295,connection_error
307445,connection_error
307484,connection_error
307686,connection_error
307817,connection_error
307863,connection_error
308017,connection_error
308295,connection_error
308302,connection_error
308404,connection_error
308434,connection_error
308474,connection_error
308580,connection_error
308711,connection_error
308712,connection_error
308762,connection_error
309039,connection_error
309042,connection_error
309043,connection_error
309194,connection_error
309315,connection_error
309318,connection_error
309321,connection_error
309322,connection_error
309325,connection_error
309326,connection_error
309337,connection_error
309454,connection_error
309534,connection_error
309636,connection_error
309641,connection_error
309672,connection_error
309697,connection_error
309889,connection_error
309923,connection_error
309926,connection_error
309928,connection_error
309931,connection_error
309933,connection_error
309994,connection_error
309995,connection_error
309996,connection_error
309997,connection_error
309998,connection_error
310044,connection_error
310045,connection_error
310046,connection_error
310047,connection_error
310198,connection_error
310199,connection_error
310200,connection_error
310243,connection_error
310256,connection_error
310262,connection_error
310670,connection_error
310840,connection_error
310909,connection_error
310933,connection_error
311050,connection_error
311051,connection_error
311053,connection_error
311563,connection_error
311564,connection_error
311622,connection_error
311623,connection_error
311624,connection_error
311813,connection_error
311816,connection_error
311850,connection_error
311852,connection_error
311958,connection_error
311959,connection_error
312212,connection_error
312258,connection_error
312529,connection_error
312705,connection_error
312710,connection_error
312718,connection_error
312752,connection_error
312946,connection_error
312954,connection_error
313062,connection_error
313063,connection_error
313064,connection_error
313065,connection_error
313156,connection_error
313166,connection_error
313220,connection_error
313272,connection_error
313273,connection_error
313351,connection_error
313352,connection_error
313353,connection_error
313387,connection_error
313418,connection_error
313463,connection_error
313464,connection_error
313482,connection_error
313507,connection_error
313532,connection_error
313533,connection_error
313534,connection_error
313677,connection_error
313678,connection_error
313679,connection_error
313680,connection_error
313681,connection_error
313736,connection_error
313737,connection_error
313739,connection_error
313741,connection_error
313760,connection_error
313762,connection_error
313866,connection_error
313870,connection_error
313871,connection_error
313877,connection_error
314086,connection_error
314099,connection_error
314138,connection_error
314228,connection_error
314298,connection_error
314301,connection_error
314413,connection_error
314418,connection_error
314525,connection_error
314647,connection_error
314681,connection_error
314839,connection_error
314840,connection_error
314874,connection_error
314875,connection_error
314923,connection_error
314933,connection_error
314950,connection_error
315082,connection_error
315083,connection_error
315084,connection_error
315101,connection_error
315204,connection_error
315210,connection_error
315228,connection_error
315277,connection_error
315279,connection_error
315291,connection_error
315294,connection_error
315295,connection_error
315299,connection_error
315312,connection_error
315314,connection_error
315359,connection_error
315463,connection_error
315579,connection_error
315598,connection_error
315610,connection_error
315688,connection_error
315704,connection_error
315711,connection_error
315747,connection_error
315750,connection_error
315755,connection_error
315756,connection_error
315780,connection_error
316009,connection_error
316044,connection_error
316102,connection_error
316162,connection_error
316228,connection_error
316287,connection_error
316302,connection_error
316436,connection_error
316666,connection_error
316667,connection_error
316720,connection_error
316998,connection_error
317040,connection_error
317079,connection_error
317084,connection_error
317112,connection_error
317114,connection_error
317205,connection_error
317206,connection_error
317245,connection_error
317288,connection_error
317472,connection_error
317542,connection_error
317544,connection_error
317727,connection_error
317728,connection_error
317729,connection_error
317730,connection_error
317757,connection_error
317864,connection_error
317903,connection_error
317904,connection_error
317961,connection_error
317972,connection_error
318001,connection_error
318014,connection_error
318019,connection_error
318131,connection_error
318152,connection_error
318261,connection_error
318283,connection_error
318331,connection_error
318332,connection_error
318349,connection_error
318350,connection_error
318365,connection_error
318444,connection_error
318456,connection_error
318459,connection_error
318488,connection_error
318677,connection_error
318680,connection_error
318748,connection_error
318808,connection_error
318899,connection_error
318915,connection_error
319017,connection_error
319022,connection_error
319024,connection_error
319181,connection_error
319246,connection_error
319372,connection_error
319430,connection_error
319431,connection_error
319516,connection_error
319716,connection_error
319721,connection_error
319722,connection_error
319836,connection_error
319839,connection_error
319844,connection_error
319908,connection_error
319937,connection_error
319938,connection_error
320057,connection_error
320099,connection_error
320269,connection_error
320357,connection_error
320361,connection_error
320376,connection_error
320377,connection_error
320383,connection_error
320472,connection_error
320485,connection_error
320488,connection_error
320503,connection_error
320578,connection_error
320711,connection_error
320720,connection_error
320846,connection_error
320886,connection_error
321208,connection_error
321212,connection_error
321344,connection_error
321389,connection_error
321397,connection_error
321497,connection_error
321529,connection_error
321550,connection_error
321551,connection_error
321552,connection_error
321631,connection_error
321636,connection_error
321638,connection_error
321692,connection_error
321715,connection_error
321729,connection_error
321730,connection_error
321731,connection_error
321732,connection_error
321761,connection_error
321768,connection_error
321814,connection_error
321817,connection_error
322227,connection_error
322292,connection_error
322426,connection_error
322444,connection_error
322478,connection_error
322479,connection_error
322480,connection_error
322481,connection_error
322488,connection_error
322490,connection_error
322601,connection_error
322604,connection_error
322605,connection_error
322609,connection_error
322611,connection_error
322618,connection_error
322621,connection_error
322623,connection_error
322626,connection_error
322630,connection_error
322633,connection_error
322635,connection_error
322637,connection_error
322639,connection_error
322763,connection_error
323143,connection_error
323185,connection_error
323193,connection_error
323200,connection_error
323220,connection_error
323246,connection_error
323253,connection_error
323308,connection_error
323471,connection_error
323472,connection_error
323474,connection_error
323476,connection_error
323488,connection_error
323704,connection_error
323974,connection_error
323975,connection_error
323977,connection_error
323979,connection_error
323981,connection_error
324243,connection_error
324272,connection_error
324278,connection_error
324344,connection_error
324394,connection_error
324402,connection_error
324443,connection_error
324448,connection_error
324480,connection_error
324483,connection_error
324485,connection_error
324488,connection_error
324491,connection_error
324495,connection_error
324505,connection_error
324509,connection_error
324558,connection_error
324577,connection_error
324581,connection_error
324820,connection_error
324865,connection_error
324946,connection_error
324947,connection_error
324986,connection_error
324996,connection_error
325000,connection_error
325013,connection_error
325093,connection_error
325094,connection_error
325096,connection_error
325098,connection_error
325137,connection_error
325191,connection_error
325225,connection_error
325229,connection_error
325262,connection_error
325263,connection_error
325266,connection_error
325267,connection_error
325321,connection_error
325322,connection_error
325344,connection_error
325347,connection_error
325371,connection_error
325415,connection_error
325432,connection_error
325435,connection_error
325473,connection_error
325494,connection_error
325510,connection_error
325511,connection_error
325659,connection_error
325696,connection_error
325810,connection_error
325935,connection_error
325943,connection_error
326246,connection_error
326247,connection_error
326272,connection_error
326495,connection_error
326496,connection_error
326540,connection_error
326542,connection_error
326590,connection_error
326721,connection_error
326730,connection_error
326857,connection_error
327255,connection_error
327584,connection_error
327648,connection_error
327670,connection_error
327706,connection_error
327739,connection_error
327806,connection_error
327807,connection_error
327904,connection_error
328180,connection_error
328188,connection_error
328276,connection_error
328540,connection_error
328542,connection_error
328660,connection_error
328661,connection_error
328698,connection_error
328699,connection_error
328702,connection_error
328703,connection_error
328705,connection_error
328708,connection_error
328709,connection_error
328710,connection_error
328711,connection_error
328712,connection_error
328715,connection_error
328716,connection_error
328786,connection_error
328787,connection_error
328788,connection_error
328790,connection_error
328791,connection_error
328792,connection_error
328793,connection_error
328794,connection_error
328796,connection_error
328797,connection_error
328798,connection_error
328799,connection_error
328801,connection_error
328802,connection_error
328805,connection_error
328835,connection_error
328931,connection_error
329040,connection_error
329235,connection_error
329682,connection_error
330199,connection_error
330302,connection_error
330312,connection_error
330369,connection_error
330447,connection_error
330449,connection_error
330578,connection_error
330691,connection_error
330788,connection_error
330861,connection_error
331098,connection_error
331099,connection_error
331198,connection_error
331266,connection_error
331288,connection_error
331395,connection_error
331421,connection_error
331481,connection_error
331558,connection_error
331564,connection_error
331690,connection_error
331691,connection_error
331741,connection_error
331742,connection_error
331743,connection_error
331890,connection_error
332054,connection_error
332243,connection_error
332245,connection_error
332328,connection_error
332644,connection_error
332699,connection_error
332714,connection_error
332719,connection_error
332762,connection_error
332948,connection_error
333146,connection_error
333161,connection_error
333307,connection_error
333314,connection_error
333385,connection_error
333557,connection_error
333559,connection_error
333582,connection_error
333620,connection_error
333643,connection_error
333650,connection_error
333905,connection_error
333998,connection_error
334479,connection_error
334685,connection_error
334786,connection_error
334962,connection_error
335125,connection_error
335126,connection_error
335127,connection_error
335242,connection_error
335495,connection_error
335644,connection_error
335645,connection_error
335646,connection_error
335647,connection_error
335648,connection_error
335649,connection_error
335650,connection_error
335651,connection_error
335652,connection_error
335695,connection_error
335766,connection_error
335999,connection_error
336000,connection_error
336248,connection_error
336667,connection_error
337180,http_error_404
337469,http_error_404
337774,http_error_404
337962,http_error_404
338164,http_error_404
338199,http_error_404
338204,http_error_404
338292,http_error_404
338492,http_error_404
338621,http_error_404
338622,http_error_404
339565,http_error_404
339866,http_error_404
339894,http_error_404
339896,http_error_404
339897,http_error_404
339902,http_error_404
339906,http_error_404
340139,http_error_404
340666,http_error_404
340786,http_error_404
340787,http_error_404
341005,http_error_404
341228,http_error_404
341257,http_error_404
341450,http_error_404
341513,http_error_404
341514,http_error_404
341515,http_error_404
341516,http_error_404
341517,http_error_404
341518,http_error_404
341521,http_error_404
341819,http_error_404
341821,http_error_404
342060,http_error_404
342276,http_error_404
342346,http_error_404
342444,http_error_404
342555,http_error_404
342584,http_error_404
342678,http_error_404
342803,http_error_404
342952,http_error_404
342954,http_error_404
343837,http_error_404
343867,http_error_404
343944,http_error_404
343945,http_error_404
344092,http_error_404
344093,http_error_404
344095,http_error_404
344096,http_error_404
344281,http_error_404
344282,http_error_404
344578,http_error_404
344965,http_error_404
345022,http_error_404
345197,http_error_404
345874,http_error_404
345976,http_error_404
345977,http_error_404
346014,http_error_404
346022,http_error_404
346077,http_error_404
347355,http_error_404
347979,http_error_404
348361,http_error_404
348428,http_error_404
348433,http_error_404
348507,http_error_404
348979,http_error_404
348985,http_error_404
349091,http_error_404
349093,http_error_404
349094,http_error_404
349095,http_error_404
349125,http_error_404
349311,http_error_404
349692,http_error_404
350052,http_error_404
350663,http_error_404
350667,http_error_404
350672,http_error_404
350673,http_error_404
350676,http_error_404
350678,http_error_404
350680,http_error_404
350681,http_error_404
350684,http_error_404
350750,http_error_404
350752,http_error_404
350764,http_error_404
351038,http_error_404
351041,http_error_404
351049,http_error_404
351058,http_error_404
351065,http_error_404
351075,http_error_404
351076,http_error_404
351078,http_error_404
351081,http_error_404
351083,http_error_404
351287,http_error_404
351289,http_error_404
351292,http_error_404
351421,http_error_404
351422,http_error_404
351540,http_error_404
351736,http_error_404
351751,http_error_404
351864,http_error_404
352025,http_error_404
352292,http_error_404
352964,http_error_404
353082,http_error_404
353341,http_error_404
353369,http_error_404
353539,http_error_404
353665,http_error_404
353668,http_error_404
353723,http_error_404
354344,http_error_404
354508,http_error_404
354509,http_error_404
354556,http_error_404
354737,http_error_404
355195,http_error_404
356414,http_error_404
356752,http_error_404
356753,http_error_404
356754,http_error_404
356764,http_error_404
356889,http_error_404
357024,http_error_404
357969,http_error_404
357970,http_error_404
357971,http_error_404
357977,http_error_404
358026,http_error_404
358027,http_error_404
358052,http_error_404
358508,http_error_404
358548,http_error_404
358683,http_error_404
358700,http_error_404
358701,http_error_404
358778,http_error_404
358779,http_error_404
358780,http_error_404
358830,http_error_404
358842,http_error_404
358844,http_error_404
358857,http_error_404
358862,http_error_404
358903,http_error_404
358904,http_error_404
360371,http_error_404
360564,http_error_404
360916,http_error_404
360937,http_error_404
360938,http_error_404
361021,http_error_404
361030,http_error_404
361329,http_error_404
361336,http_error_404
361479,http_error_404
361480,http_error_404
361739,http_error_404
361741,http_error_404
361744,http_error_404
361746,http_error_404
361807,http_error_404
361812,http_error_404
361815,http_error_404
361817,http_error_404
361916,http_error_404
361920,http_error_404
362105,http_error_404
362208,http_error_404
362209,http_error_404
362311,http_error_404
362401,http_error_404
362459,http_error_404
362480,http_error_404
362651,http_error_404
362960,http_error_404
363068,http_error_404
363099,http_error_404
363175,http_error_404
363216,http_error_404
363344,http_error_404
363349,http_error_404
363366,http_error_404
363445,http_error_404
363569,http_error_404
363749,http_error_404
363862,http_error_404
363996,http_error_404
364114,http_error_404
364282,http_error_404
364283,http_error_404
364466,http_error_404
364468,http_error_404
364635,http_error_404
364681,http_error_404
364698,http_error_404
364709,http_error_404
365063,http_error_404
365160,http_error_404
365936,http_error_404
365937,http_error_404
366468,http_error_404
366599,http_error_404
366627,http_error_404
366708,http_error_404
366793,http_error_404
367004,http_error_404
367008,http_error_404
367181,http_error_404
367190,http_error_404
367191,http_error_404
367193,http_error_404
367257,http_error_404
367272,http_error_404
367429,http_error_404
367430,http_error_404
367530,http_error_404
367594,http_error_404
367697,http_error_404
367698,http_error_404
367798,http_error_404
367800,http_error_404
367801,http_error_404
367802,http_error_404
367805,http_error_404
367875,http_error_404
367878,http_error_404
367886,http_error_404
368194,http_error_404
368283,http_error_404
368287,http_error_404
368291,http_error_404
368296,http_error_404
368297,http_error_404
368307,http_error_404
368401,http_error_404
368402,http_error_404
368420,http_error_404
368438,http_error_404
368494,http_error_404
368513,http_error_404
368539,http_error_404
368590,http_error_404
368614,http_error_404
368615,http_error_404
368855,http_error_404
368856,http_error_404
368940,http_error_404
368961,http_error_404
369821,http_error_404
369822,http_error_404
369969,http_error_404
369987,http_error_404
369989,http_error_404
370064,http_error_404
370146,http_error_404
370196,http_error_404
370240,http_error_404
370249,http_error_404
370251,http_error_404
370387,http_error_404
370490,http_error_404
370500,http_error_404
370740,http_error_404
370786,http_error_404
370790,http_error_404
370826,http_error_404
370853,http_error_404
370857,http_error_404
370862,http_error_404
370881,http_error_404
370892,http_error_404
370922,http_error_404
370932,http_error_404
370949,http_error_404
371033,http_error_404
371041,http_error_404
371044,http_error_404
371048,http_error_404
371062,http_error_404
371323,http_error_404
371412,http_error_404
371414,http_error_404
371757,http_error_404
371758,http_error_404
371759,http_error_404
371790,http_error_404
371799,http_error_404
371800,http_error_404
371801,http_error_404
371921,http_error_404
372067,http_error_404
372211,http_error_404
372243,http_error_404
372304,http_error_404
372305,http_error_404
372556,http_error_404
372594,http_error_404
372603,http_error_404
372607,http_error_404
372614,http_error_404
372760,http_error_404
372790,http_error_404
372844,http_error_404
373049,http_error_404
373480,http_error_404
373484,http_error_404
373486,http_error_404
373488,http_error_404
373499,http_error_404
373502,http_error_404
373655,http_error_404
373783,http_error_404
373802,http_error_404
373885,http_error_404
373906,http_error_404
373918,http_error_404
374078,http_error_404
374086,http_error_404
374107,http_error_404
374113,http_error_404
374596,http_error_404
374636,http_error_404
374638,http_error_404
374840,http_error_404
374898,http_error_404
375006,http_error_404
375201,http_error_404
375276,http_error_404
375282,http_error_404
375463,http_error_404
375494,http_error_404
375505,http_error_404
375583,http_error_404
375736,http_error_404
375826,http_error_404
375885,http_error_404
375900,http_error_404
375904,http_error_404
375947,http_error_404
375948,http_error_404
376027,http_error_404
376029,http_error_404
376077,http_error_404
376138,http_error_404
376180,http_error_404
376182,http_error_404
376229,http_error_404
376284,http_error_404
376298,http_error_404
376418,http_error_404
376468,http_error_404
376569,http_error_404
376772,http_error_404
376773,http_error_404
376790,http_error_404
377094,http_error_404
377114,http_error_404
377126,http_error_404
377144,http_error_404
377394,http_error_404
377521,http_error_404
377736,http_error_404
377799,http_error_404
377880,http_error_404
378268,http_error_404
378412,http_error_404
378427,http_error_404
378429,http_error_404
378600,http_error_404
378602,http_error_404
378603,http_error_404
378604,http_error_404
378605,http_error_404
378685,http_error_404
378710,http_error_404
378969,http_error_404
378982,http_error_404
379013,http_error_404
379016,http_error_404
379035,http_error_404
379270,http_error_404
379332,http_error_404
379573,http_error_404
379713,http_error_404
380000,http_error_404
380014,http_error_404
380017,http_error_404
380033,http_error_404
380121,http_error_404
380122,http_error_404
380123,http_error_404
380169,http_error_404
380185,http_error_404
380186,http_error_404
380304,http_error_404
380309,http_error_404
380321,http_error_404
380322,http_error_404
380425,http_error_404
380526,http_error_404
380645,http_error_404
380736,http_error_404
380748,http_error_404
380761,http_error_404
381036,http_error_404
381103,http_error_404
381110,http_error_404
381118,http_error_404
381309,http_error_404
381310,http_error_404
381323,http_error_404
381411,http_error_404
381413,http_error_404
381414,http_error_404
381502,http_error_404
381507,http_error_404
381535,http_error_404
381579,http_error_404
381585,http_error_404
381588,http_error_404
381591,http_error_404
381871,http_error_404
381927,http_error_404
381981,http_error_404
382032,http_error_404
382039,http_error_404
382040,http_error_404
382084,http_error_404
382113,http_error_404
382114,http_error_404
382119,http_error_404
382122,http_error_404
382123,http_error_404
382227,http_error_404
382347,http_error_404
382356,http_error_404
382376,http_error_404
382447,http_error_404
382448,http_error_404
382449,http_error_404
382450,http_error_404
382451,http_error_404
382452,http_error_404
382506,http_error_404
382730,http_error_404
382745,http_error_404
383130,http_error_404
383332,http_error_404
383433,http_error_404
383434,http_error_404
383439,http_error_404
383440,http_error_404
383467,http_error_404
383784,http_error_404
383822,http_error_404
383831,http_error_404
383832,http_error_404
383881,http_error_404
383905,http_error_404
383951,http_error_404
383954,http_error_404
383960,http_error_404
383961,http_error_404
383966,http_error_404
383972,http_error_404
384003,http_error_404
384027,http_error_404
384034,http_error_404
384058,http_error_404
384697,http_error_404
384698,http_error_404
384905,http_error_404
384909,http_error_404
384910,http_error_404
384954,http_error_404
384955,http_error_404
385023,http_error_404
385026,http_error_404
385027,http_error_404
385185,http_error_404
385206,http_error_404
385393,http_error_404
385601,http_error_404
385612,http_error_404
385691,http_error_404
385817,http_error_404
385843,http_error_404
386075,http_error_404
386616,http_error_404
387173,http_error_404
387533,http_error_404
387538,http_error_404
387850,http_error_404
388134,http_error_404
388163,http_error_404
388164,http_error_404
388165,http_error_404
388172,http_error_404
388173,http_error_404
388255,http_error_404
388259,http_error_404
388263,http_error_404
388267,http_error_404
388268,http_error_404
388269,http_error_404
388404,http_error_404
388493,http_error_404
388494,http_error_404
388495,http_error_404
388500,http_error_404
388592,http_error_404
388596,http_error_404
388611,http_error_404
388682,http_error_404
388685,http_error_404
388693,http_error_404
388694,http_error_404
388707,http_error_404
388764,http_error_404
389096,http_error_404
389235,http_error_404
389252,http_error_404
389300,http_error_404
389303,http_error_404
389428,http_error_404
389434,http_error_404
389493,http_error_404
389498,http_error_404
389693,http_error_404
389920,http_error_404
389960,http_error_404
389961,http_error_404
389967,http_error_404
389979,http_error_404
389982,http_error_404
389995,http_error_404
390105,http_error_404
390183,http_error_404
390185,http_error_404
390189,http_error_404
390276,http_error_404
390279,http_error_404
390284,http_error_404
390471,http_error_404
390592,http_error_404
390598,http_error_404
390608,http_error_404
390824,http_error_404
390825,http_error_404
390830,http_error_404
390831,http_error_404
390881,http_error_404
390887,http_error_404
390940,http_error_404
390941,http_error_404
391090,http_error_404
391155,http_error_404
391156,http_error_404
391157,http_error_404
391158,http_error_404
391566,http_error_404
391570,http_error_404
391843,http_error_404
392231,http_error_404
392266,http_error_404
392267,http_error_404
392814,http_error_404
392842,http_error_404
392962,http_error_404
392963,http_error_404
393068,http_error_404
393129,http_error_404
393130,http_error_404
393299,http_error_404
393498,http_error_404
393735,http_error_404
393857,http_error_404
394059,http_error_404
394107,http_error_404
394110,http_error_404
394310,http_error_404
394526,http_error_404
394527,http_error_404
394528,http_error_404
394529,http_error_404
394737,http_error_404
394751,http_error_404
394763,http_error_404
394834,http_error_404
394835,http_error_404
394892,http_error_404
395154,http_error_404
395155,http_error_404
395194,http_error_404
395196,http_error_404
396159,http_error_404
396272,http_error_404
396392,http_error_404
396690,http_error_404
397584,http_error_404
398300,http_error_404
398356,http_error_404
398477,http_error_404
399014,http_error_404
399368,http_error_404
399828,http_error_404
399946,http_error_404
400100,http_error_404
400542,http_error_404
400852,http_error_404
400968,http_error_404
401018,http_error_404
402349,http_error_404
402596,http_error_404
403004,http_error_404
403005,http_error_404
403112,http_error_404
404311,http_error_404
404412,http_error_404
404418,http_error_404
404504,http_error_404
404505,http_error_404
404628,http_error_404
404715,http_error_404
404839,http_error_404
404968,http_error_404
405617,http_error_404
405771,http_error_404
406151,http_error_404
406160,http_error_404
406211,http_error_404
406251,http_error_404
406258,http_error_404
406300,http_error_404
406326,http_error_404
406522,http_error_404
406523,http_error_404
406526,http_error_404
406662,http_error_404
406871,http_error_404
406876,http_error_404
406990,http_error_404
407152,http_error_404
407173,http_error_404
407644,http_error_404
407819,http_error_404
407827,http_error_404
407924,http_error_404
408110,http_error_404
408876,http_error_404
409062,http_error_404
409609,http_error_404
409610,http_error_404
409818,http_error_404
410604,http_error_404
410888,http_error_404
411047,http_error_404
411318,http_error_404
411457,http_error_404
412205,http_error_404
412672,http_error_404
412707,http_error_404
412909,http_error_404
413030,http_error_404
413131,http_error_404
413132,http_error_404
413144,http_error_404
413175,http_error_404
413184,http_error_404
413187,http_error_404
413188,http_error_404
413193,http_error_404
413194,http_error_404
413318,http_error_404
413334,http_error_404
413335,http_error_404
413347,http_error_404
413356,http_error_404
413367,http_error_404
413434,http_error_404
413435,http_error_404
413436,http_error_404
413556,http_error_404
413557,http_error_404
413723,http_error_404
413729,http_error_404
413789,http_error_404
413800,http_error_404
413887,http_error_404
414010,http_error_404
414011,http_error_404
414021,http_error_404
414077,http_error_404
414078,http_error_404
414551,http_error_404
414747,http_error_404
414892,http_error_404
414931,http_error_404
415384,http_error_404
415387,http_error_404
415422,http_error_404
415436,http_error_404
415443,http_error_404
415444,http_error_404
415596,http_error_404
415782,http_error_404
415793,http_error_404
415820,http_error_404
415889,http_error_404
416029,http_error_404
416031,http_error_404
416032,http_error_404
416122,http_error_404
416140,http_error_404
416142,http_error_404
416294,http_error_404
416341,http_error_404
416398,http_error_404
416400,http_error_404
416529,http_error_404
416548,http_error_404
416621,http_error_404
416745,http_error_404
416746,http_error_404
416747,http_error_404
416780,http_error_404
416782,http_error_404
416794,http_error_404
416814,http_error_404
416815,http_error_404
416889,http_error_404
417423,http_error_404
417442,http_error_404
417455,http_error_404
417549,http_error_404
417728,http_error_404
417729,http_error_404
417736,http_error_404
417737,http_error_404
417855,http_error_404
417863,http_error_404
417864,http_error_404
417904,http_error_404
417910,http_error_404
417914,http_error_404
417992,http_error_404
417993,http_error_404
418002,http_error_404
418011,http_error_404
418016,http_error_404
418027,http_error_404
418034,http_error_404
418074,http_error_404
418082,http_error_404
418083,http_error_404
418085,http_error_404
418092,http_error_404
418093,http_error_404
418099,http_error_404
418101,http_error_404
418103,http_error_404
418105,http_error_404
418144,http_error_404
418235,timeout
418236,http_error_404
418241,http_error_404
418266,http_error_404
418303,http_error_404
418332,http_error_404
418344,http_error_404
418346,http_error_404
418510,http_error_404
418533,http_error_404
418657,http_error_404
418834,http_error_404
418891,http_error_404
418893,http_error_404
418918,http_error_404
419049,http_error_404
419402,http_error_404
419704,http_error_404
419831,http_error_404
419947,http_error_404
419996,http_error_404
420002,http_error_404
420076,http_error_404
420133,http_error_404
420250,http_error_404
420259,http_error_404
420261,http_error_404
420397,http_error_404
420402,http_error_404
420472,http_error_404
420473,http_error_404
420494,http_error_404
420540,http_error_404
420604,http_error_404
420721,http_error_404
420727,timeout
420822,http_error_404
420842,http_error_404
420844,http_error_404
420871,http_error_404
420878,http_error_404
420879,http_error_404
420882,http_error_404
420883,http_error_404
420886,http_error_404
420887,http_error_404
420906,http_error_404
420908,http_error_404
420909,http_error_404
420965,http_error_404
421003,http_error_404
421160,http_error_404
421264,http_error_404
421280,http_error_404
421301,http_error_404
421303,http_error_404
421770,http_error_404
421839,http_error_404
421940,http_error_404
422147,http_error_404
422148,http_error_404
422421,http_error_404
422424,http_error_404
422943,http_error_404
423322,http_error_404
423357,http_error_404
423449,http_error_404
423524,http_error_404
423591,http_error_404
423687,http_error_404
423997,http_error_404
424139,http_error_404
424140,http_error_404
424738,http_error_404
424786,http_error_404
424789,http_error_404
425120,http_error_404
425131,http_error_404
425498,http_error_404
425505,http_error_404
425567,http_error_404
425583,http_error_404
425775,http_error_404
425793,http_error_404
425944,http_error_404
426167,http_error_404
426201,http_error_404
426243,http_error_404
426297,http_error_404
426298,http_error_404
427139,http_error_404
427140,http_error_404
428282,http_error_404
428338,http_error_404
428342,http_error_404
428384,http_error_404
428385,http_error_404
428425,http_error_404
428495,http_error_404
428701,http_error_404
428726,http_error_404
428729,http_error_404
428734,http_error_404
428762,http_error_404
428772,http_error_404
428782,http_error_404
429022,http_error_404
429239,http_error_404
429266,http_error_404
430015,http_error_404
430726,http_error_404
430783,http_error_404
430811,http_error_404
431030,http_error_404
431032,http_error_404
431186,http_error_404
431633,http_error_404
431957,http_error_404
432092,http_error_404
432334,http_error_404
433031,http_error_404
433032,http_error_404
433094,http_error_404
433166,http_error_404
433223,http_error_404
433231,http_error_404
433239,http_error_404
433389,http_error_404
